Workbook

Sheet Read Me
A1: Meals Acceptance Checklist
A2: Requirements baseline | B2: Meals Module Product & Functional Requirements v0.3
A3: Purpose | B3: Track functional, end-to-end, security, and database acceptance against stable requirement IDs.
A5: Status definitions
A6: Not Built | B6: Requirement has not yet been implemented.
A7: Ready to Test | B7: Implementation is available for acceptance testing.
A8: Pass | B8: Observed result meets the acceptance criterion.
A9: Fail | B9: Observed result does not meet the criterion.
A10: Blocked | B10: Testing cannot proceed because of an unresolved dependency or defect.
A11: Deferred | B11: Explicitly moved out of the current accepted scope/phase.
A12: N/A | B12: Not applicable to the tested build/platform.
A13: Pass with Known Issue | B13: Owner explicitly accepts a documented non-critical issue that does not affect security, data integrity, or core functionality.
A16: Acceptance authority | B16: The application owner provides final product/user acceptance. VS Code Copilot provides technical and automated validation.
A17: Security rule | B17: Security and data-integrity failures are release blockers and cannot be accepted as Pass with Known Issue.
A18: Production rule | B18: Production-changing database work requires explicit authorization for the exact migration. Routine development verification is separate.
A19: Import rule | B19: Recipe Import remains Decision Pending / Technical Investigation and does not block Phase 1.
... A22: Controlled update protocol | B22: Follow Acceptance Workbook Update Protocol.md. Modify this workbook in place and preserve formulas, validations, IDs, prior results, and owner notes.

Sheet Summary
A1: Meals Acceptance Summary
A3: Requirements baseline | B3: v0.3
A4: Total requirement IDs | B4: 216
A6: Worksheet | B6: Tests / Checks | C6: Pass | D6: Pass w/ Issue | E6: Fail | F6: Blocked | G6: Ready | H6: Not Built | I6: Deferred
A7: Functional Acceptance | B7: =MAX(0,COUNTA('Functional Acceptance'!B:B)-1) -> 173 | C7: =COUNTIF('Functional Acceptance'!$L:$L,"Pass") -> 7 | D7: =COUNTIF('Functional Acceptance'!$L:$L,"Pass with Known Issue") -> 0 | E7: =COUNTIF('Functional Acceptance'!$L:$L,"Fail") -> 0 | F7: =COUNTIF('Functional Acceptance'!$L:$L,"Blocked") -> 0 | G7: =COUNTIF('Functional Acceptance'!$L:$L,"Ready to Test") -> 0 | H7: =COUNTIF('Functional Acceptance'!$L:$L,"Not Built") -> 166 | I7: =COUNTIF('Functional Acceptance'!$L:$L,"Deferred") -> 0
A8: End-to-End Tests | B8: =MAX(0,COUNTA('End-to-End Tests'!B:B)-1) -> 12 | C8: =COUNTIF('End-to-End Tests'!$J:$J,"Pass") -> 1 | D8: =COUNTIF('End-to-End Tests'!$J:$J,"Pass with Known Issue") -> 0 | E8: =COUNTIF('End-to-End Tests'!$J:$J,"Fail") -> 0 | F8: =COUNTIF('End-to-End Tests'!$J:$J,"Blocked") -> 0 | G8: =COUNTIF('End-to-End Tests'!$J:$J,"Ready to Test") -> 0 | H8: =COUNTIF('End-to-End Tests'!$J:$J,"Not Built") -> 11 | I8: =COUNTIF('End-to-End Tests'!$J:$J,"Deferred") -> 0
A9: Security Acceptance | B9: =MAX(0,COUNTA('Security Acceptance'!B:B)-1) -> 22 | C9: =COUNTIF('Security Acceptance'!$N:$N,"Pass") -> 9 | D9: =COUNTIF('Security Acceptance'!$N:$N,"Pass with Known Issue") -> 0 | E9: =COUNTIF('Security Acceptance'!$N:$N,"Fail") -> 0 | F9: =COUNTIF('Security Acceptance'!$N:$N,"Blocked") -> 0 | G9: =COUNTIF('Security Acceptance'!$N:$N,"Ready to Test") -> 0 | H9: =COUNTIF('Security Acceptance'!$N:$N,"Not Built") -> 13 | I9: =COUNTIF('Security Acceptance'!$N:$N,"Deferred") -> 0
A10: Database Verification | B10: =MAX(0,COUNTA('Database Verification'!B:B)-1) -> 21 | C10: =COUNTIF('Database Verification'!$N:$N,"Pass") -> 15 | D10: =COUNTIF('Database Verification'!$N:$N,"Pass with Known Issue") -> 0 | E10: =COUNTIF('Database Verification'!$N:$N,"Fail") -> 0 | F10: =COUNTIF('Database Verification'!$N:$N,"Blocked") -> 0 | G10: =COUNTIF('Database Verification'!$N:$N,"Ready to Test") -> 0 | H10: =COUNTIF('Database Verification'!$N:$N,"Not Built") -> 6 | I10: =COUNTIF('Database Verification'!$N:$N,"Deferred") -> 0
A13: Phase | B13: Requirement count | C13: Notes
A14: 0 | B14: =SUMPRODUCT(((Coverage!$B$2:$B$223&"")=(A14&""))/COUNTIF(Coverage!$A$2:$A$223,Coverage!$A$2:$A$223)) -> 43 | C14: Foundation & Security
A15: 1 | B15: =SUMPRODUCT(((Coverage!$B$2:$B$223&"")=(A15&""))/COUNTIF(Coverage!$A$2:$A$223,Coverage!$A$2:$A$223)) -> 64 | C15: Recipe Core
A16: 2 | B16: =SUMPRODUCT(((Coverage!$B$2:$B$223&"")=(A16&""))/COUNTIF(Coverage!$A$2:$A$223,Coverage!$A$2:$A$223)) -> 52 | C16: Shopping
A17: 3 | B17: =SUMPRODUCT(((Coverage!$B$2:$B$223&"")=(A17&""))/COUNTIF(Coverage!$A$2:$A$223,Coverage!$A$2:$A$223)) -> 46 | C17: Planner Integration
A18: TBD | B18: =SUMPRODUCT(((Coverage!$B$2:$B$223&"")=(A18&""))/COUNTIF(Coverage!$A$2:$A$223,Coverage!$A$2:$A$223)) -> 11 | C18: Recipe Import investigation
A22: Phase | B22: Scope | C22: Requirement Count | D22: Required Tests | E22: Passed | F22: Pass w/ Issue | G22: Failed | H22: Blocked | I22: Deferred | J22: Technical Validation | K22: Functional Acceptance | L22: Security Acceptance | M22: Regression Scope | N22: Regression Acceptance | O22: Final Decision | P22: Accepted Date | Q22: Owner Notes
A23: 0 | B23: Foundation & Security | C23: =SUMPRODUCT(((Coverage!$B$2:$B$223&"")=(A23&""))/COUNTIF(Coverage!$A$2:$A$223,Coverage!$A$2:$A$223)) -> 43 | D23: Phase 0 technical/security/database + E2E-00 | E23: =COUNTIFS('Functional Acceptance'!D:D,A23,'Functional Acceptance'!L:L,"Pass")+COUNTIFS('Security Acceptance'!D:D,A23,'Security Acceptance'!N:N,"Pass")+COUNTIFS('Database Verification'!D:D,A23,'Database Verification'!N:N,"Pass")+COUNTIFS('End-to-End Tests'!C:C,A23,'End-to-End Tests'!J:J,"Pass") -> 32 | F23: =COUNTIFS('Functional Acceptance'!D:D,A23,'Functional Acceptance'!L:L,"Pass with Known Issue")+COUNTIFS('Security Acceptance'!D:D,A23,'Security Acceptance'!N:N,"Pass with Known Issue")+COUNTIFS('Database Verification'!D:D,A23,'Database Verification'!N:N,"Pass with Known Issue")+COUNTIFS('End-to-End Tests'!C:C,A23,'End-to-End Tests'!J:J,"Pass with Known Issue") -> 0 | G23: =COUNTIFS('Functional Acceptance'!D:D,A23,'Functional Acceptance'!L:L,"Fail")+COUNTIFS('Security Acceptance'!D:D,A23,'Security Acceptance'!N:N,"Fail")+COUNTIFS('Database Verification'!D:D,A23,'Database Verification'!N:N,"Fail")+COUNTIFS('End-to-End Tests'!C:C,A23,'End-to-End Tests'!J:J,"Fail") -> 0 | H23: =COUNTIFS('Functional Acceptance'!D:D,A23,'Functional Acceptance'!L:L,"Blocked")+COUNTIFS('Security Acceptance'!D:D,A23,'Security Acceptance'!N:N,"Blocked")+COUNTIFS('Database Verification'!D:D,A23,'Database Verification'!N:N,"Blocked")+COUNTIFS('End-to-End Tests'!C:C,A23,'End-to-End Tests'!J:J,"Blocked") -> 0 | I23: =COUNTIFS('Functional Acceptance'!D:D,A23,'Functional Acceptance'!L:L,"Deferred")+COUNTIFS('Security Acceptance'!D:D,A23,'Security Acceptance'!N:N,"Deferred")+COUNTIFS('Database Verification'!D:D,A23,'Database Verification'!N:N,"Deferred")+COUNTIFS('End-to-End Tests'!C:C,A23,'End-to-End Tests'!J:J,"Deferred") -> 0 | J23: Not Started | K23: Not Started | L23: Not Started | M23: Phase 0 auth/navigation after implementation | N23: Not Started | O23: Accepted | P23: 2026-10-28 | Q23: Phase 0A Meals foundation accepted. Live web routing, navigation, owner-auth integration, responsive shell, nested route refresh, and E2E-00 passed. Acceptance includes the Acceptance Workbook update tooling and Phase 0A release/deployment infrastructure. Recipe persistence, Recipe functionality beyond the Phase 0A shell/placeholders (including Add/Edit), Shopping functionality/persistence, meal-plan persistence, Weekly Planner meal integration, Recipe Import, future Meals database objects, and future Meals database-security/catalog verification remain outside this acceptance and are not yet accepted. Owner explicitly authorized this scope-limited acceptance on 2026-10-28 following P0-UAT-001.
A24: 1 | B24: Recipe Core | C24: =SUMPRODUCT(((Coverage!$B$2:$B$223&"")=(A24&""))/COUNTIF(Coverage!$A$2:$A$223,Coverage!$A$2:$A$223)) -> 64 | D24: Phase 1 Recipe tests + E2E-01,02,10 | E24: =COUNTIFS('Functional Acceptance'!D:D,A24,'Functional Acceptance'!L:L,"Pass")+COUNTIFS('Security Acceptance'!D:D,A24,'Security Acceptance'!N:N,"Pass")+COUNTIFS('Database Verification'!D:D,A24,'Database Verification'!N:N,"Pass")+COUNTIFS('End-to-End Tests'!C:C,A24,'End-to-End Tests'!J:J,"Pass") -> 0 | F24: =COUNTIFS('Functional Acceptance'!D:D,A24,'Functional Acceptance'!L:L,"Pass with Known Issue")+COUNTIFS('Security Acceptance'!D:D,A24,'Security Acceptance'!N:N,"Pass with Known Issue")+COUNTIFS('Database Verification'!D:D,A24,'Database Verification'!N:N,"Pass with Known Issue")+COUNTIFS('End-to-End Tests'!C:C,A24,'End-to-End Tests'!J:J,"Pass with Known Issue") -> 0 | G24: =COUNTIFS('Functional Acceptance'!D:D,A24,'Functional Acceptance'!L:L,"Fail")+COUNTIFS('Security Acceptance'!D:D,A24,'Security Acceptance'!N:N,"Fail")+COUNTIFS('Database Verification'!D:D,A24,'Database Verification'!N:N,"Fail")+COUNTIFS('End-to-End Tests'!C:C,A24,'End-to-End Tests'!J:J,"Fail") -> 0 | H24: =COUNTIFS('Functional Acceptance'!D:D,A24,'Functional Acceptance'!L:L,"Blocked")+COUNTIFS('Security Acceptance'!D:D,A24,'Security Acceptance'!N:N,"Blocked")+COUNTIFS('Database Verification'!D:D,A24,'Database Verification'!N:N,"Blocked")+COUNTIFS('End-to-End Tests'!C:C,A24,'End-to-End Tests'!J:J,"Blocked") -> 0 | I24: =COUNTIFS('Functional Acceptance'!D:D,A24,'Functional Acceptance'!L:L,"Deferred")+COUNTIFS('Security Acceptance'!D:D,A24,'Security Acceptance'!N:N,"Deferred")+COUNTIFS('Database Verification'!D:D,A24,'Database Verification'!N:N,"Deferred")+COUNTIFS('End-to-End Tests'!C:C,A24,'End-to-End Tests'!J:J,"Deferred") -> 0 | J24: Not Started | K24: Not Started | L24: Not Started | M24: Phase 0 authentication/navigation | N24: Not Started | O24: Not Started
A25: 2 | B25: Shopping | C25: =SUMPRODUCT(((Coverage!$B$2:$B$223&"")=(A25&""))/COUNTIF(Coverage!$A$2:$A$223,Coverage!$A$2:$A$223)) -> 52 | D25: Phase 2 Shopping tests + E2E-03,04,11 | E25: =COUNTIFS('Functional Acceptance'!D:D,A25,'Functional Acceptance'!L:L,"Pass")+COUNTIFS('Security Acceptance'!D:D,A25,'Security Acceptance'!N:N,"Pass")+COUNTIFS('Database Verification'!D:D,A25,'Database Verification'!N:N,"Pass")+COUNTIFS('End-to-End Tests'!C:C,A25,'End-to-End Tests'!J:J,"Pass") -> 0 | F25: =COUNTIFS('Functional Acceptance'!D:D,A25,'Functional Acceptance'!L:L,"Pass with Known Issue")+COUNTIFS('Security Acceptance'!D:D,A25,'Security Acceptance'!N:N,"Pass with Known Issue")+COUNTIFS('Database Verification'!D:D,A25,'Database Verification'!N:N,"Pass with Known Issue")+COUNTIFS('End-to-End Tests'!C:C,A25,'End-to-End Tests'!J:J,"Pass with Known Issue") -> 0 | G25: =COUNTIFS('Functional Acceptance'!D:D,A25,'Functional Acceptance'!L:L,"Fail")+COUNTIFS('Security Acceptance'!D:D,A25,'Security Acceptance'!N:N,"Fail")+COUNTIFS('Database Verification'!D:D,A25,'Database Verification'!N:N,"Fail")+COUNTIFS('End-to-End Tests'!C:C,A25,'End-to-End Tests'!J:J,"Fail") -> 0 | H25: =COUNTIFS('Functional Acceptance'!D:D,A25,'Functional Acceptance'!L:L,"Blocked")+COUNTIFS('Security Acceptance'!D:D,A25,'Security Acceptance'!N:N,"Blocked")+COUNTIFS('Database Verification'!D:D,A25,'Database Verification'!N:N,"Blocked")+COUNTIFS('End-to-End Tests'!C:C,A25,'End-to-End Tests'!J:J,"Blocked") -> 0 | I25: =COUNTIFS('Functional Acceptance'!D:D,A25,'Functional Acceptance'!L:L,"Deferred")+COUNTIFS('Security Acceptance'!D:D,A25,'Security Acceptance'!N:N,"Deferred")+COUNTIFS('Database Verification'!D:D,A25,'Database Verification'!N:N,"Deferred")+COUNTIFS('End-to-End Tests'!C:C,A25,'End-to-End Tests'!J:J,"Deferred") -> 0 | J25: Not Started | K25: Not Started | L25: Not Started | M25: Recipe create/search/detail/favorite | N25: Not Started | O25: Not Started
A26: 3 | B26: Planner Integration | C26: =SUMPRODUCT(((Coverage!$B$2:$B$223&"")=(A26&""))/COUNTIF(Coverage!$A$2:$A$223,Coverage!$A$2:$A$223)) -> 46 | D26: Phase 3 Planner tests + E2E-05 through 09 | E26: =COUNTIFS('Functional Acceptance'!D:D,A26,'Functional Acceptance'!L:L,"Pass")+COUNTIFS('Security Acceptance'!D:D,A26,'Security Acceptance'!N:N,"Pass")+COUNTIFS('Database Verification'!D:D,A26,'Database Verification'!N:N,"Pass")+COUNTIFS('End-to-End Tests'!C:C,A26,'End-to-End Tests'!J:J,"Pass") -> 0 | F26: =COUNTIFS('Functional Acceptance'!D:D,A26,'Functional Acceptance'!L:L,"Pass with Known Issue")+COUNTIFS('Security Acceptance'!D:D,A26,'Security Acceptance'!N:N,"Pass with Known Issue")+COUNTIFS('Database Verification'!D:D,A26,'Database Verification'!N:N,"Pass with Known Issue")+COUNTIFS('End-to-End Tests'!C:C,A26,'End-to-End Tests'!J:J,"Pass with Known Issue") -> 0 | G26: =COUNTIFS('Functional Acceptance'!D:D,A26,'Functional Acceptance'!L:L,"Fail")+COUNTIFS('Security Acceptance'!D:D,A26,'Security Acceptance'!N:N,"Fail")+COUNTIFS('Database Verification'!D:D,A26,'Database Verification'!N:N,"Fail")+COUNTIFS('End-to-End Tests'!C:C,A26,'End-to-End Tests'!J:J,"Fail") -> 0 | H26: =COUNTIFS('Functional Acceptance'!D:D,A26,'Functional Acceptance'!L:L,"Blocked")+COUNTIFS('Security Acceptance'!D:D,A26,'Security Acceptance'!N:N,"Blocked")+COUNTIFS('Database Verification'!D:D,A26,'Database Verification'!N:N,"Blocked")+COUNTIFS('End-to-End Tests'!C:C,A26,'End-to-End Tests'!J:J,"Blocked") -> 0 | I26: =COUNTIFS('Functional Acceptance'!D:D,A26,'Functional Acceptance'!L:L,"Deferred")+COUNTIFS('Security Acceptance'!D:D,A26,'Security Acceptance'!N:N,"Deferred")+COUNTIFS('Database Verification'!D:D,A26,'Database Verification'!N:N,"Deferred")+COUNTIFS('End-to-End Tests'!C:C,A26,'End-to-End Tests'!J:J,"Deferred") -> 0 | J26: Not Started | K26: Not Started | L26: Not Started | M26: Recipe core and Recipe-to-Shopping flow | N26: Not Started | O26: Not Started
A27: TBD | B27: Recipe Import | C27: =SUMPRODUCT(((Coverage!$B$2:$B$223&"")=(A27&""))/COUNTIF(Coverage!$A$2:$A$223,Coverage!$A$2:$A$223)) -> 11 | D27: Deferred | E27: =COUNTIFS('Functional Acceptance'!D:D,A27,'Functional Acceptance'!L:L,"Pass")+COUNTIFS('Security Acceptance'!D:D,A27,'Security Acceptance'!N:N,"Pass")+COUNTIFS('Database Verification'!D:D,A27,'Database Verification'!N:N,"Pass")+COUNTIFS('End-to-End Tests'!C:C,A27,'End-to-End Tests'!J:J,"Pass") -> 0 | F27: =COUNTIFS('Functional Acceptance'!D:D,A27,'Functional Acceptance'!L:L,"Pass with Known Issue")+COUNTIFS('Security Acceptance'!D:D,A27,'Security Acceptance'!N:N,"Pass with Known Issue")+COUNTIFS('Database Verification'!D:D,A27,'Database Verification'!N:N,"Pass with Known Issue")+COUNTIFS('End-to-End Tests'!C:C,A27,'End-to-End Tests'!J:J,"Pass with Known Issue") -> 0 | G27: =COUNTIFS('Functional Acceptance'!D:D,A27,'Functional Acceptance'!L:L,"Fail")+COUNTIFS('Security Acceptance'!D:D,A27,'Security Acceptance'!N:N,"Fail")+COUNTIFS('Database Verification'!D:D,A27,'Database Verification'!N:N,"Fail")+COUNTIFS('End-to-End Tests'!C:C,A27,'End-to-End Tests'!J:J,"Fail") -> 0 | H27: =COUNTIFS('Functional Acceptance'!D:D,A27,'Functional Acceptance'!L:L,"Blocked")+COUNTIFS('Security Acceptance'!D:D,A27,'Security Acceptance'!N:N,"Blocked")+COUNTIFS('Database Verification'!D:D,A27,'Database Verification'!N:N,"Blocked")+COUNTIFS('End-to-End Tests'!C:C,A27,'End-to-End Tests'!J:J,"Blocked") -> 0 | I27: =COUNTIFS('Functional Acceptance'!D:D,A27,'Functional Acceptance'!L:L,"Deferred")+COUNTIFS('Security Acceptance'!D:D,A27,'Security Acceptance'!N:N,"Deferred")+COUNTIFS('Database Verification'!D:D,A27,'Database Verification'!N:N,"Deferred")+COUNTIFS('End-to-End Tests'!C:C,A27,'End-to-End Tests'!J:J,"Deferred") -> 0 | J27: Not Started | K27: Not Started | L27: Not Started | M27: N/A | N27: Not Started | O27: Not Started

Sheet Functional Acceptance
A1: Test Run ID | B1: Test ID | C1: Requirement ID | D1: Phase | E1: Feature | F1: Type | G1: Platform | H1: Test Scenario | I1: Preconditions | J1: Test Steps | K1: Expected Result | L1: Status | M1: Tested Date | N1: Defect ID | O1: Evidence / Build Reference | P1: Defect / Notes
A2: P0-UAT-001 | B2: NAV-001-T01 | C2: NAV-001 | D2: 0 | E2: Navigation & Routing | F2: UI | G2: Both | H2: Verify: the main application navigation shall include a top-level item labeled Meals. | I2: Authenticated as the designated owner unless the requirement explicitly tests logged-out/non-owner behavior. | J2: 1. Arrange the stated preconditions. 2. Perform the behavior described by the requirement. 3. Observe persistence/navigation/state changes as applicable. 4. Compare the observed result with Expected Result. | K2: The main application navigation shall include a top-level item labeled Meals. | L2: Pass | M2: 46323 | N2: MEALS-DEF-001 | O2: spec/meals/README.md#phase-0a-technical-evidence; P0-UAT-001: designated owner reported live Life Manager UAT PASS on 2026-10-28; release 8298e2e0797ddff7d2d53cc058fa41fb407ac0ab; recorded by Copilot from owner report, not automated authenticated verification | P2: Top-level Meals link technically validated; owner UAT remains. MEALS-DEF-001 CLOSED: initial workbook date marshaling failed before save; original bytes preserved. COM variant setter fixed and isolated-copy dated-update/integrity tests passed. Local dev base 07fee6170fd48880d4bde57e13d05e65c3cbbc0c.; P0-UAT-001 owner report: Meals appeared in live navigation; navigation/routing, desktop and mobile responsive presentation, and complete E2E-00 passed; everything else worked as expected. Add Recipe is intentionally nonfunctional in Phase 0A; Recipe Editor is Phase 1, not a defect or future-feature acceptance. Prior technical run P0-TECH-001 and its evidence remain above. Mobile result is live-web UAT, not a native Capacitor release.
A3: P0-UAT-001 | B3: NAV-002-T01 | C3: NAV-002 | D3: 0 | E3: Navigation & Routing | F3: UI | G3: Both | H3: Verify: within Meals, the primary feature navigation shall expose Recipes and Shopping. | I3: Authenticated as the designated owner unless the requirement explicitly tests logged-out/non-owner behavior. | J3: 1. Arrange the stated preconditions. 2. Perform the behavior described by the requirement. 3. Observe persistence/navigation/state changes as applicable. 4. Compare the observed result with Expected Result. | K3: Within Meals, the primary feature navigation shall expose Recipes and Shopping. | L3: Pass | M3: 46323 | O3: spec/meals/README.md#phase-0a-technical-evidence; P0-UAT-001: designated owner reported live Life Manager UAT PASS on 2026-10-28; release 8298e2e0797ddff7d2d53cc058fa41fb407ac0ab; recorded by Copilot from owner report, not automated authenticated verification | P3: Recipes/Shopping switching and active states technically verified. Non-data-backed Phase 0A placeholders only; owner UAT remains.; P0-UAT-001 owner report: Meals appeared in live navigation; navigation/routing, desktop and mobile responsive presentation, and complete E2E-00 passed; everything else worked as expected. Add Recipe is intentionally nonfunctional in Phase 0A; Recipe Editor is Phase 1, not a defect or future-feature acceptance. Prior technical run P0-TECH-001 and its evidence remain above. Mobile result is live-web UAT, not a native Capacitor release.
A4: P0-UAT-001 | B4: NAV-003-T01 | C4: NAV-003 | D4: 0 | E4: Navigation & Routing | F4: FUNC | G4: Both | H4: Verify: meals routes shall use the /meals namespace rather than /cooking. | I4: Authenticated as the designated owner unless the requirement explicitly tests logged-out/non-owner behavior. | J4: 1. Arrange the stated preconditions. 2. Perform the behavior described by the requirement. 3. Observe persistence/navigation/state changes as applicable. 4. Compare the observed result with Expected Result. | K4: Meals routes shall use the /meals namespace rather than /cooking. | L4: Pass | M4: 46323 | O4: spec/meals/README.md#phase-0a-technical-evidence; P0-UAT-001: designated owner reported live Life Manager UAT PASS on 2026-10-28; release 8298e2e0797ddff7d2d53cc058fa41fb407ac0ab; recorded by Copilot from owner report, not automated authenticated verification | P4: Explicit /meals namespace and unknown/nested Meals isolation tested; /cooking not introduced. Owner UAT remains.; P0-UAT-001 owner report: Meals appeared in live navigation; navigation/routing, desktop and mobile responsive presentation, and complete E2E-00 passed; everything else worked as expected. Add Recipe is intentionally nonfunctional in Phase 0A; Recipe Editor is Phase 1, not a defect or future-feature acceptance. Prior technical run P0-TECH-001 and its evidence remain above. Mobile result is live-web UAT, not a native Capacitor release.
A5: P0-UAT-001 | B5: NAV-004-T01 | C5: NAV-004 | D5: 0 | E5: Navigation & Routing | F5: FUNC | G5: Both | H5: Verify: the Recipe Library route shall be /meals/recipes. | I5: Authenticated as the designated owner unless the requirement explicitly tests logged-out/non-owner behavior. | J5: 1. Arrange the stated preconditions. 2. Perform the behavior described by the requirement. 3. Observe persistence/navigation/state changes as applicable. 4. Compare the observed result with Expected Result. | K5: The Recipe Library route shall be /meals/recipes. | L5: Pass | M5: 46323 | O5: spec/meals/README.md#phase-0a-technical-evidence; P0-UAT-001: designated owner reported live Life Manager UAT PASS on 2026-10-28; release 8298e2e0797ddff7d2d53cc058fa41fb407ac0ab; recorded by Copilot from owner report, not automated authenticated verification | P5: /meals/recipes foundation route tested beneath actual hosted basename; no Recipe Library data functionality claimed. Owner UAT remains.; P0-UAT-001 owner report: Meals appeared in live navigation; navigation/routing, desktop and mobile responsive presentation, and complete E2E-00 passed; everything else worked as expected. Add Recipe is intentionally nonfunctional in Phase 0A; Recipe Editor is Phase 1, not a defect or future-feature acceptance. Prior technical run P0-TECH-001 and its evidence remain above. Mobile result is live-web UAT, not a native Capacitor release.
B6: NAV-005-T01 | C6: NAV-005 | D6: 1 | E6: Navigation & Routing | F6: FUNC | G6: Both | H6: Verify: the manual Add Recipe route shall be /meals/recipes/new. | I6: Authenticated as the designated owner unless the requirement explicitly tests logged-out/non-owner behavior. | J6: 1. Arrange the stated preconditions. 2. Perform the behavior described by the requirement. 3. Observe persistence/navigation/state changes as applicable. 4. Compare the observed result with Expected Result. | K6: The manual Add Recipe route shall be /meals/recipes/new. | L6: Not Built
B7: NAV-006-T01 | C7: NAV-006 | D7: 1 | E7: Navigation & Routing | F7: FUNC | G7: Both | H7: Verify: recipe Detail shall use a route equivalent to /meals/recipes/:id. | I7: Authenticated as the designated owner unless the requirement explicitly tests logged-out/non-owner behavior. | J7: 1. Arrange the stated preconditions. 2. Perform the behavior described by the requirement. 3. Observe persistence/navigation/state changes as applicable. 4. Compare the observed result with Expected Result. | K7: Recipe Detail shall use a route equivalent to /meals/recipes/:id. | L7: Not Built
B8: NAV-007-T01 | C8: NAV-007 | D8: 2 | E8: Navigation & Routing | F8: FUNC | G8: Both | H8: Verify: shopping shall use /meals/shopping. | I8: Authenticated as the designated owner unless the requirement explicitly tests logged-out/non-owner behavior. | J8: 1. Arrange the stated preconditions. 2. Perform the behavior described by the requirement. 3. Observe persistence/navigation/state changes as applicable. 4. Compare the observed result with Expected Result. | K8: Shopping shall use /meals/shopping. | L8: Not Built
A9: P0-UAT-001 | B9: NAV-009-T01 | C9: NAV-009 | D9: 0 | E9: Navigation & Routing | F9: FUNC | G9: Both | H9: Verify: navigating to /meals shall redirect to /meals/recipes. | I9: Authenticated as the designated owner unless the requirement explicitly tests logged-out/non-owner behavior. | J9: 1. Arrange the stated preconditions. 2. Perform the behavior described by the requirement. 3. Observe persistence/navigation/state changes as applicable. 4. Compare the observed result with Expected Result. | K9: Navigating to /meals shall redirect to /meals/recipes. | L9: Pass | M9: 46323 | O9: spec/meals/README.md#phase-0a-technical-evidence; P0-UAT-001: designated owner reported live Life Manager UAT PASS on 2026-10-28; release 8298e2e0797ddff7d2d53cc058fa41fb407ac0ab; recorded by Copilot from owner report, not automated authenticated verification | P9: /meals replacement redirect to /meals/recipes verified in local browser with the real router and synthetic Auth transport. Owner UAT remains.; P0-UAT-001 owner report: Meals appeared in live navigation; navigation/routing, desktop and mobile responsive presentation, and complete E2E-00 passed; everything else worked as expected. Add Recipe is intentionally nonfunctional in Phase 0A; Recipe Editor is Phase 1, not a defect or future-feature acceptance. Prior technical run P0-TECH-001 and its evidence remain above. Mobile result is live-web UAT, not a native Capacitor release.
B10: RL-UI-001-T01-D | C10: RL-UI-001 | D10: 1 | E10: Recipe Library | F10: UI | G10: Desktop | H10: Verify: the Recipe Library shall be text-oriented and shall not display recipe thumbnails. | I10: Authenticated as the designated owner; required baseline Meals data exists unless the test is specifically for an empty state. | J10: 1. Open the applicable feature at a supported desktop width. 2. Perform the behavior described by the requirement. 3. Compare the observed result with Expected Result. | K10: The Recipe Library shall be text-oriented and shall not display recipe thumbnails. | L10: Not Built
B11: RL-UI-001-T01-M | C11: RL-UI-001 | D11: 1 | E11: Recipe Library | F11: UI | G11: Mobile | H11: Verify: the Recipe Library shall be text-oriented and shall not display recipe thumbnails. | I11: Authenticated as the designated owner; required baseline Meals data exists unless the test is specifically for an empty state. | J11: 1. Open the applicable feature at a supported mobile/Capacitor width. 2. Perform the behavior described by the requirement using touch-sized controls. 3. Compare the observed result with Expected Result. | K11: The Recipe Library shall be text-oriented and shall not display recipe thumbnails. | L11: Not Built
B12: RL-UI-002-T01 | C12: RL-UI-002 | D12: 1 | E12: Recipe Library | F12: UI | G12: Desktop | H12: Verify: desktop shall display compact recipe rows with selection, Favorite, Name, Category, Cuisine, and Source. | I12: Authenticated as the designated owner; required baseline Meals data exists unless the test is specifically for an empty state. | J12: 1. Open the applicable feature at a supported desktop width. 2. Perform the behavior described by the requirement. 3. Compare the observed result with Expected Result. | K12: Desktop shall display compact recipe rows with selection, Favorite, Name, Category, Cuisine, and Source. | L12: Not Built
B13: RL-UI-003-T01 | C13: RL-UI-003 | D13: 1 | E13: Recipe Library | F13: UI | G13: Mobile | H13: Verify: mobile shall display compact recipe rows with a Favorite control and concise classification information without a desktop-style data table. | I13: Authenticated as the designated owner; required baseline Meals data exists unless the test is specifically for an empty state. | J13: 1. Open the applicable feature at a supported mobile/Capacitor width. 2. Perform the behavior described by the requirement using touch-sized controls. 3. Compare the observed result with Expected Result. | K13: Mobile shall display compact recipe rows with a Favorite control and concise classification information without a desktop-style data table. | L13: Not Built
B14: RL-FUNC-001-T01 | C14: RL-FUNC-001 | D14: 1 | E14: Recipe Library | F14: FUNC | G14: Both | H14: Verify: the Recipe Library shall provide a prominently available text search box. | I14: Authenticated as the designated owner; required baseline Meals data exists unless the test is specifically for an empty state. | J14: 1. Arrange the stated preconditions. 2. Perform the behavior described by the requirement. 3. Observe persistence/navigation/state changes as applicable. 4. Compare the observed result with Expected Result. | K14: The Recipe Library shall provide a prominently available text search box. | L14: Not Built
B15: RL-FUNC-002-T01 | C15: RL-FUNC-002 | D15: 1 | E15: Recipe Library | F15: FUNC | G15: Both | H15: Verify: recipe title search shall use case-insensitive substring matching. | I15: Authenticated as the designated owner; required baseline Meals data exists unless the test is specifically for an empty state. | J15: 1. Create Recipes whose titles include mixed-case target text and near-matches. 2. Search using a lowercase substring. 3. Repeat using uppercase/mixed case. 4. Confirm every and only title substring match is returned. | K15: Recipe title search shall use case-insensitive substring matching. | L15: Not Built
B16: RL-FUNC-003-T01 | C16: RL-FUNC-003 | D16: 1 | E16: Recipe Library | F16: FUNC | G16: Both | H16: Verify: ingredient search shall use case-insensitive substring matching against stored ingredient text. | I16: Authenticated as the designated owner; required baseline Meals data exists unless the test is specifically for an empty state. | J16: 1. Create Recipes with a distinctive ingredient line not present in their titles. 2. Search using a substring from that ingredient in different letter case. 3. Confirm matching Recipes are returned and unrelated Recipes are not. | K16: Ingredient search shall use case-insensitive substring matching against stored ingredient text. | L16: Not Built
B17: RL-FUNC-004-T01 | C17: RL-FUNC-004 | D17: 1 | E17: Recipe Library | F17: FUNC | G17: Both | H17: Verify: the Recipe Library shall filter by Category. | I17: Authenticated as the designated owner; required baseline Meals data exists unless the test is specifically for an empty state. | J17: 1. Arrange the stated preconditions. 2. Perform the behavior described by the requirement. 3. Observe persistence/navigation/state changes as applicable. 4. Compare the observed result with Expected Result. | K17: The Recipe Library shall filter by Category. | L17: Not Built
B18: RL-FUNC-005-T01 | C18: RL-FUNC-005 | D18: 1 | E18: Recipe Library | F18: FUNC | G18: Both | H18: Verify: the Recipe Library shall filter by Cuisine. | I18: Authenticated as the designated owner; required baseline Meals data exists unless the test is specifically for an empty state. | J18: 1. Arrange the stated preconditions. 2. Perform the behavior described by the requirement. 3. Observe persistence/navigation/state changes as applicable. 4. Compare the observed result with Expected Result. | K18: The Recipe Library shall filter by Cuisine. | L18: Not Built
B19: RL-FUNC-006-T01 | C19: RL-FUNC-006 | D19: 1 | E19: Recipe Library | F19: FUNC | G19: Both | H19: Verify: the Recipe Library shall filter to Favorites. | I19: Authenticated as the designated owner; required baseline Meals data exists unless the test is specifically for an empty state. | J19: 1. Arrange the stated preconditions. 2. Perform the behavior described by the requirement. 3. Observe persistence/navigation/state changes as applicable. 4. Compare the observed result with Expected Result. | K19: The Recipe Library shall filter to Favorites. | L19: Not Built
B20: RL-FUNC-007-T01 | C20: RL-FUNC-007 | D20: 1 | E20: Recipe Library | F20: FUNC | G20: Desktop | H20: Verify: desktop Name, Category, Cuisine, and Source columns shall support ascending/descending sorting from their column headers. | I20: Authenticated as the designated owner; required baseline Meals data exists unless the test is specifically for an empty state. | J20: 1. Open the applicable feature at a supported desktop width. 2. Perform the behavior described by the requirement. 3. Compare the observed result with Expected Result. | K20: Desktop Name, Category, Cuisine, and Source columns shall support ascending/descending sorting from their column headers. | L20: Not Built
B21: RL-FUNC-008-T01 | C21: RL-FUNC-008 | D21: 1 | E21: Recipe Library | F21: FUNC | G21: Mobile | H21: Verify: mobile shall not display a separate A-Z sort control. | I21: Authenticated as the designated owner; required baseline Meals data exists unless the test is specifically for an empty state. | J21: 1. Open the applicable feature at a supported mobile/Capacitor width. 2. Perform the behavior described by the requirement using touch-sized controls. 3. Compare the observed result with Expected Result. | K21: Mobile shall not display a separate A-Z sort control. | L21: Not Built
... B162: PM-FUNC-012-T01 | C162: PM-FUNC-012 | D162: 3 | E162: Planner Meal Management | F162: FUNC | G162: Both | H162: Verify: a meal-plan mutation failure shall not be presented as successful; existing persisted meal content shall remain available and the user shall be able to retry where appropriate. | I162: Authenticated as the designated owner; required baseline Meals data exists unless the test is specifically for an empty state. | J162: 1. Arrange the stated preconditions. 2. Perform the behavior described by the requirement. 3. Observe persistence/navigation/state changes as applicable. 4. Compare the observed result with Expected Result. | K162: A meal-plan mutation failure shall not be presented as successful; existing persisted meal content shall remain available and the user shall be able to retry where appropriate. | L162: Not Built
A163: P0-UAT-001 | B163: RESP-001-T01-D | C163: RESP-001 | D163: 0 | E163: Responsive | F163: RESP | G163: Desktop | H163: Verify: meals shall use one responsive React implementation for web and Capacitor rather than separate desktop/mobile applications. | I163: Authenticated as the designated owner; required baseline Meals data exists unless the test is specifically for an empty state. | J163: 1. Open the applicable feature at a supported desktop width. 2. Perform the behavior described by the requirement. 3. Compare the observed result with Expected Result. | K163: Meals shall use one responsive React implementation for web and Capacitor rather than separate desktop/mobile applications. | L163: Pass | M163: 46323 | O163: spec/meals/README.md#phase-0a-technical-evidence; P0-UAT-001: designated owner reported live Life Manager UAT PASS on 2026-10-28; release 8298e2e0797ddff7d2d53cc058fa41fb407ac0ab; recorded by Copilot from owner report, not automated authenticated verification | P163: Shared shell at 1280px: no horizontal overflow, correct active links, 44px internal navigation. Desktop screenshot inspected; owner visual/usability UAT remains.; P0-UAT-001 owner report: Meals appeared in live navigation; navigation/routing, desktop and mobile responsive presentation, and complete E2E-00 passed; everything else worked as expected. Add Recipe is intentionally nonfunctional in Phase 0A; Recipe Editor is Phase 1, not a defect or future-feature acceptance. Prior technical run P0-TECH-001 and its evidence remain above. Mobile result is live-web UAT, not a native Capacitor release.
A164: P0-UAT-001 | B164: RESP-001-T01-M | C164: RESP-001 | D164: 0 | E164: Responsive | F164: RESP | G164: Mobile | H164: Verify: meals shall use one responsive React implementation for web and Capacitor rather than separate desktop/mobile applications. | I164: Authenticated as the designated owner; required baseline Meals data exists unless the test is specifically for an empty state. | J164: 1. Open the applicable feature at a supported mobile/Capacitor width. 2. Perform the behavior described by the requirement using touch-sized controls. 3. Compare the observed result with Expected Result. | K164: Meals shall use one responsive React implementation for web and Capacitor rather than separate desktop/mobile applications. | L164: Pass | M164: 46323 | O164: spec/meals/README.md#phase-0a-technical-evidence; P0-UAT-001: designated owner reported live Life Manager UAT PASS on 2026-10-28; release 8298e2e0797ddff7d2d53cc058fa41fb407ac0ab; recorded by Copilot from owner report, not automated authenticated verification | P164: Same responsive shell at 375px: no horizontal overflow, wrapped navigation, 44px internal controls. Mobile browser screenshot inspected; physical Capacitor/device UAT remains.; P0-UAT-001 owner report: Meals appeared in live navigation; navigation/routing, desktop and mobile responsive presentation, and complete E2E-00 passed; everything else worked as expected. Add Recipe is intentionally nonfunctional in Phase 0A; Recipe Editor is Phase 1, not a defect or future-feature acceptance. Prior technical run P0-TECH-001 and its evidence remain above. Mobile result is live-web UAT, not a native Capacitor release.
B165: RESP-002-T01 | C165: RESP-002 | D165: 1 | E165: Responsive | F165: RESP | G165: Desktop | H165: Verify: desktop Meals surfaces shall prioritize compact data density and efficient management. | I165: Authenticated as the designated owner; required baseline Meals data exists unless the test is specifically for an empty state. | J165: 1. Open the applicable feature at a supported desktop width. 2. Perform the behavior described by the requirement. 3. Compare the observed result with Expected Result. | K165: Desktop Meals surfaces shall prioritize compact data density and efficient management. | L165: Not Built
B166: RESP-003-T01 | C166: RESP-003 | D166: 1 | E166: Responsive | F166: RESP | G166: Mobile | H166: Verify: mobile Meals surfaces shall prioritize minimal presentation, touch-friendly controls, and the current task. | I166: Authenticated as the designated owner; required baseline Meals data exists unless the test is specifically for an empty state. | J166: 1. Open the applicable feature at a supported mobile/Capacitor width. 2. Perform the behavior described by the requirement using touch-sized controls. 3. Compare the observed result with Expected Result. | K166: Mobile Meals surfaces shall prioritize minimal presentation, touch-friendly controls, and the current task. | L166: Not Built
B167: STATE-001-T01 | C167: STATE-001 | D167: 1 | E167: Cross-cutting States | F167: STATE | G167: Both | H167: Verify: data-backed Meals pages shall expose an appropriate loading state consistent with existing HomeMaintenanceApp patterns and shall not display a misleading empty state while initial data is pending. Exact spinner/skeleton/text treatment is an implementation detail. | I167: Authenticated as the designated owner unless the requirement explicitly tests logged-out/non-owner behavior. | J167: 1. Arrange the stated preconditions. 2. Perform the behavior described by the requirement. 3. Observe persistence/navigation/state changes as applicable. 4. Compare the observed result with Expected Result. | K167: Data-backed Meals pages shall expose an appropriate loading state consistent with existing HomeMaintenanceApp patterns and shall not display a misleading empty state while initial data is pending. Exact spinner/skeleton/text treatment is an implementation detail. | L167: Not Built
B168: STATE-002-T01 | C168: STATE-002 | D168: 1 | E168: Cross-cutting States | F168: STATE | G168: Both | H168: Verify: data-backed Meals pages shall expose an actionable error state when required data cannot be loaded. | I168: Authenticated as the designated owner unless the requirement explicitly tests logged-out/non-owner behavior. | J168: 1. Arrange the stated preconditions. 2. Perform the behavior described by the requirement. 3. Observe persistence/navigation/state changes as applicable. 4. Compare the observed result with Expected Result. | K168: Data-backed Meals pages shall expose an actionable error state when required data cannot be loaded. | L168: Not Built
B169: STATE-003-T01 | C169: STATE-003 | D169: 1 | E169: Cross-cutting States | F169: STATE | G169: Both | H169: Verify: save/mutation interactions shall prevent accidental duplicate submission while a save is in progress. | I169: Authenticated as the designated owner unless the requirement explicitly tests logged-out/non-owner behavior. | J169: 1. Arrange the stated preconditions. 2. Perform the behavior described by the requirement. 3. Observe persistence/navigation/state changes as applicable. 4. Compare the observed result with Expected Result. | K169: Save/mutation interactions shall prevent accidental duplicate submission while a save is in progress. | L169: Not Built
B170: STATE-004-T01-D | C170: STATE-004 | D170: 1 | E170: Cross-cutting States | F170: STATE | G170: Desktop | H170: Verify: true empty states shall be distinguished from zero-match search/filter states and shall expose recovery actions appropriate to the condition. | I170: Authenticated as the designated owner unless the requirement explicitly tests logged-out/non-owner behavior. | J170: 1. Open the applicable feature at a supported desktop width. 2. Perform the behavior described by the requirement. 3. Compare the observed result with Expected Result. | K170: True empty states shall be distinguished from zero-match search/filter states and shall expose recovery actions appropriate to the condition. | L170: Not Built
B171: STATE-004-T01-M | C171: STATE-004 | D171: 1 | E171: Cross-cutting States | F171: STATE | G171: Mobile | H171: Verify: true empty states shall be distinguished from zero-match search/filter states and shall expose recovery actions appropriate to the condition. | I171: Authenticated as the designated owner unless the requirement explicitly tests logged-out/non-owner behavior. | J171: 1. Open the applicable feature at a supported mobile/Capacitor width. 2. Perform the behavior described by the requirement using touch-sized controls. 3. Compare the observed result with Expected Result. | K171: True empty states shall be distinguished from zero-match search/filter states and shall expose recovery actions appropriate to the condition. | L171: Not Built
B172: STATE-005-T01 | C172: STATE-005 | D172: 1 | E172: Cross-cutting States | F172: STATE | G172: Both | H172: Verify: destructive Recipe deletion shall require explicit confirmation. | I172: Authenticated as the designated owner unless the requirement explicitly tests logged-out/non-owner behavior. | J172: 1. Arrange the stated preconditions. 2. Perform the behavior described by the requirement. 3. Observe persistence/navigation/state changes as applicable. 4. Compare the observed result with Expected Result. | K172: Destructive Recipe deletion shall require explicit confirmation. | L172: Not Built
B173: STATE-006-T01 | C173: STATE-006 | D173: 2 | E173: Cross-cutting States | F173: STATE | G173: Both | H173: Verify: clear List shall use the Shopping-specific confirmation defined in SHOP-FUNC-012; Clear Checked and Planner meal occurrence removal shall remain confirmation-free. | I173: Authenticated as the designated owner unless the requirement explicitly tests logged-out/non-owner behavior. | J173: 1. Arrange the stated preconditions. 2. Perform the behavior described by the requirement. 3. Observe persistence/navigation/state changes as applicable. 4. Compare the observed result with Expected Result. | K173: Clear List shall use the Shopping-specific confirmation defined in SHOP-FUNC-012; Clear Checked and Planner meal occurrence removal shall remain confirmation-free. | L173: Not Built
B174: STATE-007-T01 | C174: STATE-007 | D174: 1 | E174: Cross-cutting States | F174: STATE | G174: Both | H174: Verify: mutation failures shall clearly indicate that the attempted change did not persist and shall preserve user-entered or currently persisted content where practical so the action can be retried. | I174: Authenticated as the designated owner unless the requirement explicitly tests logged-out/non-owner behavior. | J174: 1. Arrange the stated preconditions. 2. Perform the behavior described by the requirement. 3. Observe persistence/navigation/state changes as applicable. 4. Compare the observed result with Expected Result. | K174: Mutation failures shall clearly indicate that the attempted change did not persist and shall preserve user-entered or currently persisted content where practical so the action can be retried. | L174: Not Built

Sheet Security Acceptance
A1: Test Run ID | B1: Test ID | C1: Requirement ID | D1: Phase | E1: Feature | F1: Type | G1: Platform | H1: Execution Owner | I1: Environment | J1: Test Scenario | K1: Preconditions | L1: Test Steps | M1: Expected Result | N1: Status | O1: Tested Date | P1: Defect ID | Q1: Evidence / Build Reference | R1: Defect / Notes
A2: P0-TECH-001 | B2: ARCH-001-T01 | C2: ARCH-001 | D2: 0 | E2: Architecture & Security | F2: ARCH | G2: Both | H2: COPILOT | I2: Local/Test | J2: Verify: meals shall use the existing application Supabase Auth session and shall not introduce a separate Meals authentication concept. | K2: Use the identity/environment required by the test; production-changing actions require separate authorization. | L2: 1. Arrange the preconditions. 2. Perform the user/database action described by the requirement. 3. Observe the result. 4. Compare the observed result with Expected Result. | M2: Meals shall use the existing application Supabase Auth session and shall not introduce a separate Meals authentication concept. | N2: Pass | O2: 46323 | Q2: spec/meals/README.md#phase-0a-technical-evidence; web release validation: spec/meals/README.md#web-release-validation | R2: Executed routing/auth regressions and local browser synthetic-transport checks. Meals mounts under the unchanged existing exact-owner boundary/controller; no separate Meals login or data subsystem.
B3: ARCH-002-T01 | C3: ARCH-002 | D3: 0 | E3: Architecture & Security | F3: ARCH | G3: Both | H3: COPILOT | I3: Local/Test | J3: Verify: meals shall not weaken, bypass, or replace the existing exact-owner RLS authorization model. | K3: Use the identity/environment required by the test; production-changing actions require separate authorization. | L3: 1. Verify the behavior through the application using the specified identity. 2. Independently attempt the corresponding Supabase data/API operation using the same authorization context. 3. Confirm both layers produce the expected allow/deny result. 4. Capture evidence. | M3: Meals shall not weaken, bypass, or replace the existing exact-owner RLS authorization model. | N3: Not Built
A4: P0B-DB-001 | B4: ARCH-003-T01 | C4: ARCH-003 | D4: 0 | E4: Architecture & Security | F4: ARCH | G4: Both | H4: COPILOT | I4: Production Read-Only | J4: Verify: the designated human owner UUID for production authorization is e72bccd9-ec2b-4822-bb5c-b7c1f39dcf60. | K4: Use the identity/environment required by the test; production-changing actions require separate authorization. | L4: 1. Arrange the preconditions. 2. Perform the user/database action described by the requirement. 3. Observe the result. 4. Compare the observed result with Expected Result. | M4: The designated human owner UUID for production authorization is e72bccd9-ec2b-4822-bb5c-b7c1f39dcf60. | N4: Pass | O4: 2026-10-28 | Q4: P0B-DB-001; package 0d30359ab5cdd4aa3577c33823de1bbc80a3d4f2; spec/meals/Phase 0B Recipe Persistence Design.md section 28; meals-db-final-manifest.json SHA256 4cbbc3eac24c13860d39ee3a0d8c6ae79c638cc5967d5274d1e7ea219091f8da; complete evidence in session b7458d86-6190-4718-8779-7c2b79a30630/files | R4: P0B-DB-001 Recipe foundation scope only. Captured production catalog and synthetic SQL SET ROLE/claim evidence, not live JWT/API authentication, owner application UAT or Recipe UI evidence. Future Meals objects require their own verification. No deployment blocker observed; blocker classification field is unchanged. Reversal prepared, not executed; test-only transaction rollback is not migration reversal. Owner identity confirmed by preflight and exact UUID in all 12 deployed policies.
B5: ARCH-004-T01 | C5: ARCH-004 | D5: 0 | E5: Architecture & Security | F5: ARCH | G5: Both | H5: COPILOT | I5: Local/Test | J5: Verify: logged-out/anonymous clients shall receive no access to private Meals application data or private Meals RPCs. | K5: Use the identity/environment required by the test; production-changing actions require separate authorization. | L5: 1. Verify the behavior through the application using the specified identity. 2. Independently attempt the corresponding Supabase data/API operation using the same authorization context. 3. Confirm both layers produce the expected allow/deny result. 4. Capture evidence. | M5: Logged-out/anonymous clients shall receive no access to private Meals application data or private Meals RPCs. | N5: Not Built
B6: ARCH-005-T01 | C6: ARCH-005 | D6: 0 | E6: Architecture & Security | F6: ARCH | G6: Both | H6: COPILOT | I6: Local/Test | J6: Verify: an authenticated identity other than the designated owner shall receive no access to owner Meals data. | K6: Use the identity/environment required by the test; production-changing actions require separate authorization. | L6: 1. Verify the behavior through the application using the specified identity. 2. Independently attempt the corresponding Supabase data/API operation using the same authorization context. 3. Confirm both layers produce the expected allow/deny result. 4. Capture evidence. | M6: An authenticated identity other than the designated owner shall receive no access to owner Meals data. | N6: Not Built
A7: P0-TECH-001 | B7: ARCH-006-T01 | C7: ARCH-006 | D7: 0 | E7: Architecture & Security | F7: ARCH | G7: Both | H7: COPILOT | I7: Source/Build Inspection | J7: Verify: service_role credentials shall never be exposed to browser code. | K7: Use the identity/environment required by the test; production-changing actions require separate authorization. | L7: 1. Arrange the preconditions. 2. Perform the user/database action described by the requirement. 3. Observe the result. 4. Compare the observed result with Expected Result. | M7: service_role credentials shall never be exposed to browser code. | N7: Pass | O7: 46323 | Q7: spec/meals/README.md#phase-0a-technical-evidence; web release validation: spec/meals/README.md#web-release-validation | R7: Executed browser source/production-build inspection: no service-role JWT, privileged secret-key literal or private-key material exposed by Meals. Normal production build excludes synthetic Auth fixture.
A8: P0-TECH-001 | B8: ARCH-007-T01 | C8: ARCH-007 | D8: 0 | E8: Architecture & Security | F8: ARCH | G8: Both | H8: COPILOT | I8: Local/Test | J8: Verify: meals shall not depend on planner_curated_api, planner_broker_access_token_hook, the abandoned broker Auth identity, broker column grants, or the old Custom Access Token Hook architecture. | K8: Use the identity/environment required by the test; production-changing actions require separate authorization. | L8: 1. Arrange the preconditions. 2. Perform the user/database action described by the requirement. 3. Observe the result. 4. Compare the observed result with Expected Result. | M8: Meals shall not depend on planner_curated_api, planner_broker_access_token_hook, the abandoned broker Auth identity, broker column grants, or the old Custom Access Token Hook architecture. | N8: Pass | O8: 46323 | Q8: spec/meals/README.md#phase-0a-technical-evidence; web release validation: spec/meals/README.md#web-release-validation | R8: Executed source/build inspection: no broker role, hook, abandoned identity or broker dependency in Meals. No Meals database objects exist in this slice; no catalog/security grant claim for future objects.
A9: P0-TECH-001 | B9: ARCH-008-T01 | C9: ARCH-008 | D9: 0 | E9: Architecture & Security | F9: ARCH | G9: Both | H9: COPILOT | I9: Local/Test | J9: Verify: meals implementation shall not be blocked by the separate broker cleanup workstream or the Supabase Support inquiry about managed supabase_admin default privileges. | K9: Use the identity/environment required by the test; production-changing actions require separate authorization. | L9: 1. Arrange the preconditions. 2. Perform the user/database action described by the requirement. 3. Observe the result. 4. Compare the observed result with Expected Result. | M9: Meals implementation shall not be blocked by the separate broker cleanup workstream or the Supabase Support inquiry about managed supabase_admin default privileges. | N9: Pass | O9: 46323 | Q9: spec/meals/README.md#phase-0a-technical-evidence; web release validation: spec/meals/README.md#web-release-validation | R9: Foundation built/tested without broker cleanup or managed-default remediation. Broker artifacts and production configuration unchanged.
A10: P0B-DB-001 | B10: ARCH-009-T01 | C10: ARCH-009 | D10: 0 | E10: Architecture & Security | F10: ARCH | G10: Both | H10: COPILOT | I10: Production Read-Only | J10: Verify: meals security shall not rely on inherited/default PostgreSQL or Supabase privileges; each new object shall be explicitly secured and verified. | K10: Use the identity/environment required by the test; production-changing actions require separate authorization. | L10: 1. Arrange the preconditions. 2. Perform the user/database action described by the requirement. 3. Observe the result. 4. Compare the observed result with Expected Result. | M10: Meals security shall not rely on inherited/default PostgreSQL or Supabase privileges; each new object shall be explicitly secured and verified. | N10: Pass | O10: 2026-10-28 | Q10: P0B-DB-001; package 0d30359ab5cdd4aa3577c33823de1bbc80a3d4f2; spec/meals/Phase 0B Recipe Persistence Design.md section 28; meals-db-final-manifest.json SHA256 4cbbc3eac24c13860d39ee3a0d8c6ae79c638cc5967d5274d1e7ea219091f8da; complete evidence in session b7458d86-6190-4718-8779-7c2b79a30630/files | R10: P0B-DB-001 Recipe foundation scope only. Captured production catalog and synthetic SQL SET ROLE/claim evidence, not live JWT/API authentication, owner application UAT or Recipe UI evidence. Future Meals objects require their own verification. No deployment blocker observed; blocker classification field is unchanged. Reversal prepared, not executed; test-only transaction rollback is not migration reversal. Explicit table/column/function ACLs passed; source and catalog do not rely on defaults.
B11: ARCH-012-T01 | C11: ARCH-012 | D11: 0 | E11: Architecture & Security | F11: ARCH | G11: Both | H11: COPILOT | I11: Local/Test | J11: Verify: browser-accessible Meals tables shall use explicit RLS and operation-specific owner policies. | K11: Use the identity/environment required by the test; production-changing actions require separate authorization. | L11: 1. Verify the behavior through the application using the specified identity. 2. Independently attempt the corresponding Supabase data/API operation using the same authorization context. 3. Confirm both layers produce the expected allow/deny result. 4. Capture evidence. | M11: Browser-accessible Meals tables shall use explicit RLS and operation-specific owner policies. | N11: Not Built
B12: ARCH-013-T01 | C12: ARCH-013 | D12: 0 | E12: Architecture & Security | F12: ARCH | G12: Both | H12: COPILOT | I12: Local/Test | J12: Verify: direct RLS-protected table operations are preferred where sufficient; RPCs shall not be introduced merely as CRUD wrappers. | K12: Use the identity/environment required by the test; production-changing actions require separate authorization. | L12: 1. Verify the behavior through the application using the specified identity. 2. Independently attempt the corresponding Supabase data/API operation using the same authorization context. 3. Confirm both layers produce the expected allow/deny result. 4. Capture evidence. | M12: Direct RLS-protected table operations are preferred where sufficient; RPCs shall not be introduced merely as CRUD wrappers. | N12: Not Built
B13: ARCH-014-T01 | C13: ARCH-014 | D13: 0 | E13: Architecture & Security | F13: ARCH | G13: Both | H13: COPILOT | I13: Local/Test | J13: Verify: any application-callable PostgreSQL function shall prefer SECURITY INVOKER; SECURITY DEFINER requires separate explicit security review before implementation. | K13: Use the identity/environment required by the test; production-changing actions require separate authorization. | L13: 1. Arrange the preconditions. 2. Perform the user/database action described by the requirement. 3. Observe the result. 4. Compare the observed result with Expected Result. | M13: Any application-callable PostgreSQL function shall prefer SECURITY INVOKER; SECURITY DEFINER requires separate explicit security review before implementation. | N13: Not Built
B14: SEC-TST-001-T01 | C14: SEC-TST-001 | D14: 0 | E14: Security Verification | F14: TEST | G14: Both | H14: COPILOT | I14: Local/Test | J14: Verify: logged out / anon shall be unable to retrieve private Meals data. | K14: Use the identity/environment required by the test; production-changing actions require separate authorization. | L14: 1. Sign out. 2. Open Meals/private data surfaces. 3. Attempt a direct private-data read through the application/test harness. | M14: Logged out / anon shall be unable to retrieve private Meals data. | N14: Not Built
B15: SEC-TST-002-T01 | C15: SEC-TST-002 | D15: 0 | E15: Security Verification | F15: TEST | G15: Both | H15: COPILOT | I15: Local/Test | J15: Verify: logged out / anon shall be unable to perform Meals mutations. | K15: Use the identity/environment required by the test; production-changing actions require separate authorization. | L15: 1. Arrange the preconditions. 2. Perform the user/database action described by the requirement. 3. Observe the result. 4. Compare the observed result with Expected Result. | M15: Logged out / anon shall be unable to perform Meals mutations. | N15: Not Built
B16: SEC-TST-003-T01 | C16: SEC-TST-003 | D16: 0 | E16: Security Verification | F16: TEST | G16: Both | H16: COPILOT | I16: Local/Test | J16: Verify: logged out / anon shall be unable to invoke private Meals RPCs, if any exist. | K16: Use the identity/environment required by the test; production-changing actions require separate authorization. | L16: 1. Arrange the preconditions. 2. Perform the user/database action described by the requirement. 3. Observe the result. 4. Compare the observed result with Expected Result. | M16: Logged out / anon shall be unable to invoke private Meals RPCs, if any exist. | N16: Not Built
B17: SEC-TST-004-T01 | C17: SEC-TST-004 | D17: 0 | E17: Security Verification | F17: TEST | G17: Both | H17: COPILOT | I17: Local/Test | J17: Verify: the authenticated designated owner shall succeed for each intended read/create/update/delete operation exposed by the implemented Meals UI. | K17: Use the identity/environment required by the test; production-changing actions require separate authorization. | L17: 1. Arrange the preconditions. 2. Perform the user/database action described by the requirement. 3. Observe the result. 4. Compare the observed result with Expected Result. | M17: The authenticated designated owner shall succeed for each intended read/create/update/delete operation exposed by the implemented Meals UI. | N17: Not Built
B18: SEC-TST-005-T01 | C18: SEC-TST-005 | D18: 0 | E18: Security Verification | F18: TEST | G18: Both | H18: COPILOT | I18: Local/Test | J18: Verify: a synthetic authenticated non-owner UUID shall be denied owner Meals data access and mutations. | K18: Use the identity/environment required by the test; production-changing actions require separate authorization. | L18: 1. Verify the behavior through the application using the specified identity. 2. Independently attempt the corresponding Supabase data/API operation using the same authorization context. 3. Confirm both layers produce the expected allow/deny result. 4. Capture evidence. | M18: A synthetic authenticated non-owner UUID shall be denied owner Meals data access and mutations. | N18: Not Built
A19: P0-TECH-001 | B19: SEC-TST-006-T01 | C19: SEC-TST-006 | D19: 0 | E19: Security Verification | F19: TEST | G19: Both | H19: COPILOT | I19: Source/Build Inspection | J19: Verify: browser code shall contain no service_role credential or equivalent privileged backend secret. | K19: Use the identity/environment required by the test; production-changing actions require separate authorization. | L19: 1. Arrange the preconditions. 2. Perform the user/database action described by the requirement. 3. Observe the result. 4. Compare the observed result with Expected Result. | M19: Browser code shall contain no service_role credential or equivalent privileged backend secret. | N19: Pass | O19: 46323 | Q19: spec/meals/README.md#phase-0a-technical-evidence; web release validation: spec/meals/README.md#web-release-validation | R19: Executed actual production-build secret inspection and affected source inspection. No privileged credential introduced; only existing public client configuration used.
B20: SEC-TST-007-T01 | C20: SEC-TST-007 | D20: 0 | E20: Security Verification | F20: TEST | G20: Both | H20: COPILOT | I20: Local/Test | J20: Verify: catalog verification shall confirm exact relation ACLs, RLS states, policies, policy roles/expressions, function ACL/security mode, view security, and sequence ACLs for applicable Meals objects. | K20: Use the identity/environment required by the test; production-changing actions require separate authorization. | L20: 1. Verify the behavior through the application using the specified identity. 2. Independently attempt the corresponding Supabase data/API operation using the same authorization context. 3. Confirm both layers produce the expected allow/deny result. 4. Capture evidence. | M20: Catalog verification shall confirm exact relation ACLs, RLS states, policies, policy roles/expressions, function ACL/security mode, view security, and sequence ACLs for applicable Meals objects. | N20: Not Built
A21: P0B-DB-001 | B21: SEC-TST-008-T01 | C21: SEC-TST-008 | D21: 0 | E21: Security Verification | F21: TEST | G21: Both | H21: COPILOT | I21: Production Read-Only | J21: Verify: catalog verification shall establish no unintended anon or PUBLIC application-data access. | K21: Use the identity/environment required by the test; production-changing actions require separate authorization. | L21: 1. Arrange the preconditions. 2. Perform the user/database action described by the requirement. 3. Observe the result. 4. Compare the observed result with Expected Result. | M21: Catalog verification shall establish no unintended anon or PUBLIC application-data access. | N21: Pass | O21: 2026-10-28 | Q21: P0B-DB-001; package 0d30359ab5cdd4aa3577c33823de1bbc80a3d4f2; spec/meals/Phase 0B Recipe Persistence Design.md section 28; meals-db-final-manifest.json SHA256 4cbbc3eac24c13860d39ee3a0d8c6ae79c638cc5967d5274d1e7ea219091f8da; complete evidence in session b7458d86-6190-4718-8779-7c2b79a30630/files | R21: P0B-DB-001 Recipe foundation scope only. Captured production catalog and synthetic SQL SET ROLE/claim evidence, not live JWT/API authentication, owner application UAT or Recipe UI evidence. Future Meals objects require their own verification. No deployment blocker observed; blocker classification field is unchanged. Reversal prepared, not executed; test-only transaction rollback is not migration reversal. Production postflight effective_anon_denial/explicit_table_acl/function_acl/column_acl passed.
A22: P0-TECH-001 | B22: SEC-TST-009-T01 | C22: SEC-TST-009 | D22: 0 | E22: Security Verification | F22: TEST | G22: Both | H22: COPILOT | I22: Local/Test | J22: Verify: catalog/source verification shall establish no Meals dependency on the abandoned broker architecture. | K22: Use the identity/environment required by the test; production-changing actions require separate authorization. | L22: 1. Arrange the preconditions. 2. Perform the user/database action described by the requirement. 3. Observe the result. 4. Compare the observed result with Expected Result. | M22: Catalog/source verification shall establish no Meals dependency on the abandoned broker architecture. | N22: Pass | O22: 46323 | Q22: spec/meals/README.md#phase-0a-technical-evidence; web release validation: spec/meals/README.md#web-release-validation | R22: Executed source/build broker-independence checks. Source-only Phase 0A scope: no new catalog objects, migrations or SQL; future catalog authorization checks remain outstanding.
B23: SEC-TST-010-T01 | C23: SEC-TST-010 | D23: 0 | E23: Security Verification | F23: TEST | G23: Both | H23: COPILOT | I23: Production Read-Only | J23: Verify: post-release verification shall include a fresh owner application smoke test and review of new Meals-related Supabase Security Advisor findings. | K23: Use the identity/environment required by the test; production-changing actions require separate authorization. | L23: 1. Arrange the preconditions. 2. Perform the user/database action described by the requirement. 3. Observe the result. 4. Compare the observed result with Expected Result. | M23: Post-release verification shall include a fresh owner application smoke test and review of new Meals-related Supabase Security Advisor findings. | N23: Not Built

Sheet Database Verification
A1: Test Run ID | B1: Check ID | C1: Requirement ID | D1: Phase | E1: Object / Area | F1: Migration Filename | G1: Git Commit / Branch | H1: Target Project | I1: Verification Stage | J1: Verification Date | K1: Deployment Blocker? | L1: Verification | M1: Expected Catalog / Security Result | N1: Status | O1: Evidence / Export | P1: Rollback/Reversal Strategy Prepared? | Q1: Rollback Executed? | R1: Notes
A2: P0B-DB-001 | B2: DBV-ARCH-004 | C2: ARCH-004 | D2: 0 | E2: Architecture & Security | F2: 202610280001_meals_recipe_foundation.sql | G2: dev @ 0d30359ab5cdd4aa3577c33823de1bbc80a3d4f2 | H2: home-maintenance-app / tawvchmjtkgykwwvnnnn | I2: Both | J2: 2026-10-28 | K2: Yes | L2: Run the source-controlled read-only catalog verification supporting this requirement. | M2: Logged-out/anonymous clients shall receive no access to private Meals application data or private Meals RPCs. | N2: Pass | O2: P0B-DB-001; package 0d30359ab5cdd4aa3577c33823de1bbc80a3d4f2; spec/meals/Phase 0B Recipe Persistence Design.md section 28; meals-db-final-manifest.json SHA256 4cbbc3eac24c13860d39ee3a0d8c6ae79c638cc5967d5274d1e7ea219091f8da; complete evidence in session b7458d86-6190-4718-8779-7c2b79a30630/files | P2: Yes | Q2: No | R2: P0B-DB-001 Recipe foundation scope only. Captured production catalog and synthetic SQL SET ROLE/claim evidence, not live JWT/API authentication, owner application UAT or Recipe UI evidence. Future Meals objects require their own verification. No deployment blocker observed; blocker classification field is unchanged. Reversal prepared, not executed; test-only transaction rollback is not migration reversal. effective_anon_denial and function_acl passed; production synthetic anon SELECT/INSERT/UPDATE/DELETE denied on all three tables.
A3: P0B-DB-001 | B3: DBV-ARCH-009 | C3: ARCH-009 | D3: 0 | E3: Architecture & Security | F3: 202610280001_meals_recipe_foundation.sql | G3: dev @ 0d30359ab5cdd4aa3577c33823de1bbc80a3d4f2 | H3: home-maintenance-app / tawvchmjtkgykwwvnnnn | I3: Both | J3: 2026-10-28 | K3: Yes | L3: Run the source-controlled read-only catalog verification supporting this requirement. | M3: Meals security shall not rely on inherited/default PostgreSQL or Supabase privileges; each new object shall be explicitly secured and verified. | N3: Pass | O3: P0B-PREFLIGHT-001: meals-0b-production-preflight-manifest.json; complete catalog/supplement JSON and CSV evidence in session b7458d86-6190-4718-8779-7c2b79a30630/files; Dashboard-verified home-maintenance-app / tawvchmjtkgykwwvnnnn P0B-DB-001; package 0d30359ab5cdd4aa3577c33823de1bbc80a3d4f2; spec/meals/Phase 0B Recipe Persistence Design.md section 28; meals-db-final-manifest.json SHA256 4cbbc3eac24c13860d39ee3a0d8c6ae79c638cc5967d5274d1e7ea219091f8da; complete evidence in session b7458d86-6190-4718-8779-7c2b79a30630/files | P3: Yes | Q3: No | R3: P0B-PREFLIGHT-001 preflight-only: authenticated Dashboard identity, PostgreSQL 17.11, postgres object ownership/CREATE authority, browser-role safety, zero Meals collisions/dependencies and informational defaults captured. Canonical Category/Cuisine draft and local tests updated. No migration or production postflight executed; no database check marked Pass. Status Not Built and stage Both retained; post-deployment object ACL/RLS/owner and broker-independence checks remain required. Disabled reversal prepared, not executed. No Phase 0A UAT/acceptance or future owner decision changed. P0B-DB-001 Recipe foundation scope only. Captured production catalog and synthetic SQL SET ROLE/claim evidence, not live JWT/API authentication, owner application UAT or Recipe UI evidence. Future Meals objects require their own verification. No deployment blocker observed; blocker classification field is unchanged. Reversal prepared, not executed; test-only transaction rollback is not migration reversal. explicit_table_acl, column_acl, function_acl and browser_role_safety passed; object ACLs explicitly reset; no dependence on managed defaults.
B4: DBV-ARCH-010 | C4: ARCH-010 | D4: 0 | E4: Architecture & Security | H4: home-maintenance-app / tawvchmjtkgykwwvnnnn | I4: Both | K4: No | L4: Run the source-controlled read-only catalog verification supporting this requirement. | M4: Meal-plan entries shall be persisted as a separate domain from existing Planner task records. | N4: Not Built | P4: No | Q4: No
A5: P0B-DB-001 | B5: DBV-ARCH-013 | C5: ARCH-013 | D5: 0 | E5: Architecture & Security | F5: 202610280001_meals_recipe_foundation.sql | G5: dev @ 0d30359ab5cdd4aa3577c33823de1bbc80a3d4f2 | H5: home-maintenance-app / tawvchmjtkgykwwvnnnn | I5: Both | J5: 2026-10-28 | K5: Yes | L5: Run the source-controlled read-only catalog verification supporting this requirement. | M5: Direct RLS-protected table operations are preferred where sufficient; RPCs shall not be introduced merely as CRUD wrappers. | N5: Pass | O5: P0B-DB-001; package 0d30359ab5cdd4aa3577c33823de1bbc80a3d4f2; spec/meals/Phase 0B Recipe Persistence Design.md section 28; meals-db-final-manifest.json SHA256 4cbbc3eac24c13860d39ee3a0d8c6ae79c638cc5967d5274d1e7ea219091f8da; complete evidence in session b7458d86-6190-4718-8779-7c2b79a30630/files | P5: Yes | Q5: No | R5: P0B-DB-001 Recipe foundation scope only. Captured production catalog and synthetic SQL SET ROLE/claim evidence, not live JWT/API authentication, owner application UAT or Recipe UI evidence. Future Meals objects require their own verification. No deployment blocker observed; blocker classification field is unchanged. Reversal prepared, not executed; test-only transaction rollback is not migration reversal. Exact inventory has direct tables and an internal non-browser trigger only; no CRUD RPC. Production synthetic owner CRUD passed.
B6: DBV-ARCH-014 | C6: ARCH-014 | D6: 0 | E6: Architecture & Security | H6: home-maintenance-app / tawvchmjtkgykwwvnnnn | I6: Both | K6: No | L6: Run the source-controlled read-only catalog verification supporting this requirement. | M6: Any application-callable PostgreSQL function shall prefer SECURITY INVOKER; SECURITY DEFINER requires separate explicit security review before implementation. | N6: Not Built | P6: No | Q6: No
A7: P0B-DB-001 | B7: DBV-ARCH-015 | C7: ARCH-015 | D7: 0 | E7: Architecture & Security | F7: 202610280001_meals_recipe_foundation.sql | G7: dev @ 0d30359ab5cdd4aa3577c33823de1bbc80a3d4f2 | H7: home-maintenance-app / tawvchmjtkgykwwvnnnn | I7: Both | J7: 2026-10-28 | K7: No | L7: Run the source-controlled read-only catalog verification supporting this requirement. | M7: New Meals database objects shall normally be created through the reviewed postgres-controlled migration/SQL path and shall not intentionally be owned by supabase_admin. | N7: Pass | O7: P0B-PREFLIGHT-001: meals-0b-production-preflight-manifest.json; complete catalog/supplement JSON and CSV evidence in session b7458d86-6190-4718-8779-7c2b79a30630/files; Dashboard-verified home-maintenance-app / tawvchmjtkgykwwvnnnn P0B-DB-001; package 0d30359ab5cdd4aa3577c33823de1bbc80a3d4f2; spec/meals/Phase 0B Recipe Persistence Design.md section 28; meals-db-final-manifest.json SHA256 4cbbc3eac24c13860d39ee3a0d8c6ae79c638cc5967d5274d1e7ea219091f8da; complete evidence in session b7458d86-6190-4718-8779-7c2b79a30630/files | P7: Yes | Q7: No | R7: P0B-PREFLIGHT-001 preflight-only: authenticated Dashboard identity, PostgreSQL 17.11, postgres object ownership/CREATE authority, browser-role safety, zero Meals collisions/dependencies and informational defaults captured. Canonical Category/Cuisine draft and local tests updated. No migration or production postflight executed; no database check marked Pass. Status Not Built and stage Both retained; post-deployment object ACL/RLS/owner and broker-independence checks remain required. Disabled reversal prepared, not executed. No Phase 0A UAT/acceptance or future owner decision changed. P0B-DB-001 Recipe foundation scope only. Captured production catalog and synthetic SQL SET ROLE/claim evidence, not live JWT/API authentication, owner application UAT or Recipe UI evidence. Future Meals objects require their own verification. No deployment blocker observed; blocker classification field is unchanged. Reversal prepared, not executed; test-only transaction rollback is not migration reversal. tables_owner_rls and function_security passed: all new tables/function postgres-owned.
A8: P0B-DB-001 | B8: DBV-DB-SEC-001 | C8: DB-SEC-001 | D8: 0 | E8: Database & Persistence | F8: 202610280001_meals_recipe_foundation.sql | G8: dev @ 0d30359ab5cdd4aa3577c33823de1bbc80a3d4f2 | H8: home-maintenance-app / tawvchmjtkgykwwvnnnn | I8: Both | J8: 2026-10-28 | K8: Yes | L8: Run the source-controlled read-only catalog verification supporting this requirement. | M8: Every browser-accessible Meals table shall explicitly enable RLS. | N8: Pass | O8: P0B-DB-001; package 0d30359ab5cdd4aa3577c33823de1bbc80a3d4f2; spec/meals/Phase 0B Recipe Persistence Design.md section 28; meals-db-final-manifest.json SHA256 4cbbc3eac24c13860d39ee3a0d8c6ae79c638cc5967d5274d1e7ea219091f8da; complete evidence in session b7458d86-6190-4718-8779-7c2b79a30630/files | P8: Yes | Q8: No | R8: P0B-DB-001 Recipe foundation scope only. Captured production catalog and synthetic SQL SET ROLE/claim evidence, not live JWT/API authentication, owner application UAT or Recipe UI evidence. Future Meals objects require their own verification. No deployment blocker observed; blocker classification field is unchanged. Reversal prepared, not executed; test-only transaction rollback is not migration reversal. tables_owner_rls passed: RLS enabled on all three browser-accessible Recipe tables.
A9: P0B-DB-001 | B9: DBV-DB-SEC-002 | C9: DB-SEC-002 | D9: 0 | E9: Database & Persistence | F9: 202610280001_meals_recipe_foundation.sql | G9: dev @ 0d30359ab5cdd4aa3577c33823de1bbc80a3d4f2 | H9: home-maintenance-app / tawvchmjtkgykwwvnnnn | I9: Both | J9: 2026-10-28 | K9: Yes | L9: Run the source-controlled read-only catalog verification supporting this requirement. | M9: Every browser-accessible Meals table shall explicitly revoke unintended anon and PUBLIC application-data access. | N9: Pass | O9: P0B-DB-001; package 0d30359ab5cdd4aa3577c33823de1bbc80a3d4f2; spec/meals/Phase 0B Recipe Persistence Design.md section 28; meals-db-final-manifest.json SHA256 4cbbc3eac24c13860d39ee3a0d8c6ae79c638cc5967d5274d1e7ea219091f8da; complete evidence in session b7458d86-6190-4718-8779-7c2b79a30630/files | P9: Yes | Q9: No | R9: P0B-DB-001 Recipe foundation scope only. Captured production catalog and synthetic SQL SET ROLE/claim evidence, not live JWT/API authentication, owner application UAT or Recipe UI evidence. Future Meals objects require their own verification. No deployment blocker observed; blocker classification field is unchanged. Reversal prepared, not executed; test-only transaction rollback is not migration reversal. explicit_table_acl, effective_anon_denial, function_acl and column_acl passed: no unintended PUBLIC/anon private access.
A10: P0B-DB-001 | B10: DBV-DB-SEC-003 | C10: DB-SEC-003 | D10: 0 | E10: Database & Persistence | F10: 202610280001_meals_recipe_foundation.sql | G10: dev @ 0d30359ab5cdd4aa3577c33823de1bbc80a3d4f2 | H10: home-maintenance-app / tawvchmjtkgykwwvnnnn | I10: Both | J10: 2026-10-28 | K10: No | L10: Run the source-controlled read-only catalog verification supporting this requirement. | M10: authenticated shall receive only the table operations required by the approved UI/API for each object. | N10: Pass | O10: P0B-DB-001; package 0d30359ab5cdd4aa3577c33823de1bbc80a3d4f2; spec/meals/Phase 0B Recipe Persistence Design.md section 28; meals-db-final-manifest.json SHA256 4cbbc3eac24c13860d39ee3a0d8c6ae79c638cc5967d5274d1e7ea219091f8da; complete evidence in session b7458d86-6190-4718-8779-7c2b79a30630/files | P10: Yes | Q10: No | R10: P0B-DB-001 Recipe foundation scope only. Captured production catalog and synthetic SQL SET ROLE/claim evidence, not live JWT/API authentication, owner application UAT or Recipe UI evidence. Future Meals objects require their own verification. No deployment blocker observed; blocker classification field is unchanged. Reversal prepared, not executed; test-only transaction rollback is not migration reversal. Table/column ACL matrix passed: authenticated SELECT/DELETE and reviewed INSERT/UPDATE columns only.
A11: P0B-DB-001 | B11: DBV-DB-SEC-004 | C11: DB-SEC-004 | D11: 0 | E11: Database & Persistence | F11: 202610280001_meals_recipe_foundation.sql | G11: dev @ 0d30359ab5cdd4aa3577c33823de1bbc80a3d4f2 | H11: home-maintenance-app / tawvchmjtkgykwwvnnnn | I11: Both | J11: 2026-10-28 | K11: Yes | L11: Run the source-controlled read-only catalog verification supporting this requirement. | M11: Each allowed browser operation shall use an operation-specific policy restricting access to the exact designated owner. | N11: Pass | O11: P0B-DB-001; package 0d30359ab5cdd4aa3577c33823de1bbc80a3d4f2; spec/meals/Phase 0B Recipe Persistence Design.md section 28; meals-db-final-manifest.json SHA256 4cbbc3eac24c13860d39ee3a0d8c6ae79c638cc5967d5274d1e7ea219091f8da; complete evidence in session b7458d86-6190-4718-8779-7c2b79a30630/files | P11: Yes | Q11: No | R11: P0B-DB-001 Recipe foundation scope only. Captured production catalog and synthetic SQL SET ROLE/claim evidence, not live JWT/API authentication, owner application UAT or Recipe UI evidence. Future Meals objects require their own verification. No deployment blocker observed; blocker classification field is unchanged. Reversal prepared, not executed; test-only transaction rollback is not migration reversal. policy_matrix passed: exactly 12 operation policies, authenticated role, exact-owner UUID, correct USING/WITH CHECK; synthetic non-owner/null subject denied.
B12: DBV-DB-SEC-005 | C12: DB-SEC-005 | D12: 0 | E12: Database & Persistence | H12: home-maintenance-app / tawvchmjtkgykwwvnnnn | I12: Both | K12: Yes | L12: Run the source-controlled read-only catalog verification supporting this requirement. | M12: A table intentionally inaccessible to browser clients may use RLS with no browser policy; permissive policies shall not be added merely to remove informational lint. | N12: Not Built | P12: No | Q12: No
A13: P0B-DB-001 | B13: DBV-DB-SEC-006 | C13: DB-SEC-006 | D13: 0 | E13: Database & Persistence | F13: 202610280001_meals_recipe_foundation.sql | G13: dev @ 0d30359ab5cdd4aa3577c33823de1bbc80a3d4f2 | H13: home-maintenance-app / tawvchmjtkgykwwvnnnn | I13: Both | J13: 2026-10-28 | K13: Yes | L13: Run the source-controlled read-only catalog verification supporting this requirement. | M13: Every new Meals object shall have schema, owner, object type, effective ACL, RLS state, policies, and relevant security configuration verified after creation. | N13: Pass | O13: P0B-DB-001; package 0d30359ab5cdd4aa3577c33823de1bbc80a3d4f2; spec/meals/Phase 0B Recipe Persistence Design.md section 28; meals-db-final-manifest.json SHA256 4cbbc3eac24c13860d39ee3a0d8c6ae79c638cc5967d5274d1e7ea219091f8da; complete evidence in session b7458d86-6190-4718-8779-7c2b79a30630/files | P13: Yes | Q13: No | R13: P0B-DB-001 Recipe foundation scope only. Captured production catalog and synthetic SQL SET ROLE/claim evidence, not live JWT/API authentication, owner application UAT or Recipe UI evidence. Future Meals objects require their own verification. No deployment blocker observed; blocker classification field is unchanged. Reversal prepared, not executed; test-only transaction rollback is not migration reversal. All 20 reviewed postflight checks passed; exact relation/type/column/default/index/constraint/trigger/function/ACL/RLS inventory captured.
A14: P0B-DB-001 | B14: DBV-DB-SEC-007 | C14: DB-SEC-007 | D14: 0 | E14: Database & Persistence | F14: 202610280001_meals_recipe_foundation.sql | G14: dev @ 0d30359ab5cdd4aa3577c33823de1bbc80a3d4f2 | H14: home-maintenance-app / tawvchmjtkgykwwvnnnn | I14: Both | J14: 2026-10-28 | K14: Yes | L14: Run the source-controlled read-only catalog verification supporting this requirement. | M14: Unexpected supabase_admin ownership or unexplained PUBLIC/anon/authenticated privileges on a new Meals object shall block production acceptance pending review. | N14: Pass | O14: P0B-DB-001; package 0d30359ab5cdd4aa3577c33823de1bbc80a3d4f2; spec/meals/Phase 0B Recipe Persistence Design.md section 28; meals-db-final-manifest.json SHA256 4cbbc3eac24c13860d39ee3a0d8c6ae79c638cc5967d5274d1e7ea219091f8da; complete evidence in session b7458d86-6190-4718-8779-7c2b79a30630/files | P14: Yes | Q14: No | R14: P0B-DB-001 Recipe foundation scope only. Captured production catalog and synthetic SQL SET ROLE/claim evidence, not live JWT/API authentication, owner application UAT or Recipe UI evidence. Future Meals objects require their own verification. No deployment blocker observed; blocker classification field is unchanged. Reversal prepared, not executed; test-only transaction rollback is not migration reversal. Ownership and explicit/effective ACL checks passed; no unexpected owner or unexplained grant detected.
B15: DBV-DB-SEC-008 | C15: DB-SEC-008 | D15: 0 | E15: Database & Persistence | H15: home-maintenance-app / tawvchmjtkgykwwvnnnn | I15: Both | K15: Yes | L15: Run the source-controlled read-only catalog verification supporting this requirement. | M15: If views are introduced, browser accessibility, view ACL, underlying RLS behavior, and effective security-invoker/caller semantics shall be explicitly configured and verified. | N15: Not Built | P15: No | Q15: No
B16: DBV-DB-SEC-009 | C16: DB-SEC-009 | D16: 0 | E16: Database & Persistence | H16: home-maintenance-app / tawvchmjtkgykwwvnnnn | I16: Both | K16: Yes | L16: Run the source-controlled read-only catalog verification supporting this requirement. | M16: If sequences are introduced, only required sequence privileges shall be granted; anon shall receive none. | N16: Not Built | P16: No | Q16: No
B17: DBV-DB-SEC-010 | C17: DB-SEC-010 | D17: 0 | E17: Database & Persistence | H17: home-maintenance-app / tawvchmjtkgykwwvnnnn | I17: Both | K17: Yes | L17: Run the source-controlled read-only catalog verification supporting this requirement. | M17: If application-callable functions are introduced, unintended PUBLIC/anon EXECUTE shall be revoked and authenticated EXECUTE shall be granted only when required. | N17: Not Built | P17: No | Q17: No
A18: P0B-DB-001 | B18: DBV-DB-SEC-011 | C18: DB-SEC-011 | D18: 0 | E18: Database & Persistence | F18: 202610280001_meals_recipe_foundation.sql | G18: dev @ 0d30359ab5cdd4aa3577c33823de1bbc80a3d4f2 | H18: home-maintenance-app / tawvchmjtkgykwwvnnnn | I18: Both | J18: 2026-10-28 | K18: Yes | L18: Run the source-controlled read-only catalog verification supporting this requirement. | M18: Meals migrations and verification shall contain no dependency on planner_curated_api or planner_broker_access_token_hook. | N18: Pass | O18: P0B-DB-001; package 0d30359ab5cdd4aa3577c33823de1bbc80a3d4f2; spec/meals/Phase 0B Recipe Persistence Design.md section 28; meals-db-final-manifest.json SHA256 4cbbc3eac24c13860d39ee3a0d8c6ae79c638cc5967d5274d1e7ea219091f8da; complete evidence in session b7458d86-6190-4718-8779-7c2b79a30630/files | P18: Yes | Q18: No | R18: P0B-DB-001 Recipe foundation scope only. Captured production catalog and synthetic SQL SET ROLE/claim evidence, not live JWT/API authentication, owner application UAT or Recipe UI evidence. Future Meals objects require their own verification. No deployment blocker observed; blocker classification field is unchanged. Reversal prepared, not executed; test-only transaction rollback is not migration reversal. Source inspection and no_unreviewed_role_dependencies passed; no Meals broker dependency. Existing unrelated remnants untouched.
A19: P0B-DB-001 | B19: DBV-DB-SEC-012 | C19: DB-SEC-012 | D19: 0 | E19: Database & Persistence | F19: 202610280001_meals_recipe_foundation.sql | G19: dev @ 0d30359ab5cdd4aa3577c33823de1bbc80a3d4f2 | H19: home-maintenance-app / tawvchmjtkgykwwvnnnn | I19: Both | J19: 2026-10-28 | K19: Yes | L19: Run the source-controlled read-only catalog verification supporting this requirement. | M19: Production database verification shall confirm the target Supabase project is home-maintenance-app / tawvchmjtkgykwwvnnnn before relying on catalog results. | N19: Pass | O19: P0B-DB-001; package 0d30359ab5cdd4aa3577c33823de1bbc80a3d4f2; spec/meals/Phase 0B Recipe Persistence Design.md section 28; meals-db-final-manifest.json SHA256 4cbbc3eac24c13860d39ee3a0d8c6ae79c638cc5967d5274d1e7ea219091f8da; complete evidence in session b7458d86-6190-4718-8779-7c2b79a30630/files | P19: Yes | Q19: No | R19: P0B-DB-001 Recipe foundation scope only. Captured production catalog and synthetic SQL SET ROLE/claim evidence, not live JWT/API authentication, owner application UAT or Recipe UI evidence. Future Meals objects require their own verification. No deployment blocker observed; blocker classification field is unchanged. Reversal prepared, not executed; test-only transaction rollback is not migration reversal. Dashboard URL, title and project link independently verified home-maintenance-app / tawvchmjtkgykwwvnnnn before preflight and execution.
A20: P0B-DB-001 | B20: DBV-DB-DATA-001 | C20: DB-DATA-001 | D20: 0 | E20: Database & Persistence | F20: 202610280001_meals_recipe_foundation.sql | G20: dev @ 0d30359ab5cdd4aa3577c33823de1bbc80a3d4f2 | H20: home-maintenance-app / tawvchmjtkgykwwvnnnn | I20: Both | J20: 2026-10-28 | K20: No | L20: Run the source-controlled read-only catalog verification supporting this requirement. | M20: Primary persisted Meals records shall use database-managed created_at and updated_at timestamps where technically applicable. These timestamps are operational metadata and do not require display in the Meals UI. | N20: Pass | O20: P0B-DB-001; package 0d30359ab5cdd4aa3577c33823de1bbc80a3d4f2; spec/meals/Phase 0B Recipe Persistence Design.md section 28; meals-db-final-manifest.json SHA256 4cbbc3eac24c13860d39ee3a0d8c6ae79c638cc5967d5274d1e7ea219091f8da; complete evidence in session b7458d86-6190-4718-8779-7c2b79a30630/files | P20: Yes | Q20: No | R20: P0B-DB-001 Recipe foundation scope only. Captured production catalog and synthetic SQL SET ROLE/claim evidence, not live JWT/API authentication, owner application UAT or Recipe UI evidence. Future Meals objects require their own verification. No deployment blocker observed; blocker classification field is unchanged. Reversal prepared, not executed; test-only transaction rollback is not migration reversal. Catalog defaults/function body and production synthetic server-timestamp/column-write-denial assertions passed.
A21: P0B-DB-001 | B21: DBV-PROJECT-001 | C21: DB-SEC-012 | D21: 0 | E21: Production Project | F21: 202610280001_meals_recipe_foundation.sql | G21: dev @ 0d30359ab5cdd4aa3577c33823de1bbc80a3d4f2 | H21: home-maintenance-app / tawvchmjtkgykwwvnnnn | I21: Both | J21: 2026-10-28 | K21: Yes | L21: Confirm the active Supabase project before catalog inspection. | M21: Project must be home-maintenance-app / tawvchmjtkgykwwvnnnn. | N21: Pass | O21: P0B-PREFLIGHT-001: meals-0b-production-preflight-manifest.json; complete catalog/supplement JSON and CSV evidence in session b7458d86-6190-4718-8779-7c2b79a30630/files; Dashboard-verified home-maintenance-app / tawvchmjtkgykwwvnnnn P0B-DB-001; package 0d30359ab5cdd4aa3577c33823de1bbc80a3d4f2; spec/meals/Phase 0B Recipe Persistence Design.md section 28; meals-db-final-manifest.json SHA256 4cbbc3eac24c13860d39ee3a0d8c6ae79c638cc5967d5274d1e7ea219091f8da; complete evidence in session b7458d86-6190-4718-8779-7c2b79a30630/files | P21: Yes | Q21: No | R21: P0B-PREFLIGHT-001 preflight-only: authenticated Dashboard identity, PostgreSQL 17.11, postgres object ownership/CREATE authority, browser-role safety, zero Meals collisions/dependencies and informational defaults captured. Canonical Category/Cuisine draft and local tests updated. No migration or production postflight executed; no database check marked Pass. Status Not Built and stage Both retained; post-deployment object ACL/RLS/owner and broker-independence checks remain required. Disabled reversal prepared, not executed. No Phase 0A UAT/acceptance or future owner decision changed. P0B-DB-001 Recipe foundation scope only. Captured production catalog and synthetic SQL SET ROLE/claim evidence, not live JWT/API authentication, owner application UAT or Recipe UI evidence. Future Meals objects require their own verification. No deployment blocker observed; blocker classification field is unchanged. Reversal prepared, not executed; test-only transaction rollback is not migration reversal. Exact Dashboard project identity verified before relying on catalog evidence.
A22: P0B-DB-001 | B22: DBV-BROKER-001 | C22: DB-SEC-011 | D22: 0 | E22: Abandoned Broker | F22: 202610280001_meals_recipe_foundation.sql | G22: dev @ 0d30359ab5cdd4aa3577c33823de1bbc80a3d4f2 | H22: home-maintenance-app / tawvchmjtkgykwwvnnnn | I22: Both | J22: 2026-10-28 | K22: No | L22: Verify no new Meals dependency/reference to planner_curated_api or planner_broker_access_token_hook. | M22: No dependency/reference is present. | N22: Pass | O22: P0B-PREFLIGHT-001: meals-0b-production-preflight-manifest.json; complete catalog/supplement JSON and CSV evidence in session b7458d86-6190-4718-8779-7c2b79a30630/files; Dashboard-verified home-maintenance-app / tawvchmjtkgykwwvnnnn P0B-DB-001; package 0d30359ab5cdd4aa3577c33823de1bbc80a3d4f2; spec/meals/Phase 0B Recipe Persistence Design.md section 28; meals-db-final-manifest.json SHA256 4cbbc3eac24c13860d39ee3a0d8c6ae79c638cc5967d5274d1e7ea219091f8da; complete evidence in session b7458d86-6190-4718-8779-7c2b79a30630/files | P22: Yes | Q22: No | R22: P0B-PREFLIGHT-001 preflight-only: authenticated Dashboard identity, PostgreSQL 17.11, postgres object ownership/CREATE authority, browser-role safety, zero Meals collisions/dependencies and informational defaults captured. Canonical Category/Cuisine draft and local tests updated. No migration or production postflight executed; no database check marked Pass. Status Not Built and stage Both retained; post-deployment object ACL/RLS/owner and broker-independence checks remain required. Disabled reversal prepared, not executed. No Phase 0A UAT/acceptance or future owner decision changed. P0B-DB-001 Recipe foundation scope only. Captured production catalog and synthetic SQL SET ROLE/claim evidence, not live JWT/API authentication, owner application UAT or Recipe UI evidence. Future Meals objects require their own verification. No deployment blocker observed; blocker classification field is unchanged. Reversal prepared, not executed; test-only transaction rollback is not migration reversal. Catalog/source have no new Meals broker dependency; no broker cleanup performed.

Sheet End-to-End Tests
A1: Test Run ID | B1: Scenario ID | C1: Phase | D1: Platform | E1: Scenario | F1: Primary Requirement IDs | G1: Preconditions | H1: Steps | I1: Expected Result | J1: Status | K1: Tested Date | L1: Defect ID | M1: Evidence / Build Reference | N1: Cleanup / Reset | O1: Notes
A2: P0-UAT-001 | B2: E2E-00 | C2: 0 | D2: Both | E2: Meals authentication, routing, and navigation | F2: ARCH-001 through ARCH-006; NAV-* | G2: Production-equivalent authenticated routing is available. | H2: 1. Sign out and attempt /meals and private nested routes. 2. Confirm no private Meals data initializes. 3. Sign in as designated owner. 4. Open Meals and confirm redirect to /meals/recipes. 5. Switch Recipes/Shopping. 6. Refresh a nested route. | I2: Owner navigation works; logged-out access does not expose private data; nested routing remains usable. | J2: Pass | K2: 46323 | M2: spec/meals/README.md#phase-0a-technical-evidence; P0-UAT-001: designated owner reported live Life Manager UAT PASS on 2026-10-28; release 8298e2e0797ddff7d2d53cc058fa41fb407ac0ab; recorded by Copilot from owner report, not automated authenticated verification | O2: Remove any incidental test data; sign out if appropriate.; P0-UAT-001 owner report: Meals appeared in live navigation; navigation/routing, desktop and mobile responsive presentation, and complete E2E-00 passed; everything else worked as expected. Add Recipe is intentionally nonfunctional in Phase 0A; Recipe Editor is Phase 1, not a defect or future-feature acceptance. Prior technical run P0-TECH-001 and its evidence remain above. Mobile result is live-web UAT, not a native Capacitor release.
B3: E2E-01 | C3: 1 | D3: Both | E3: Create, find, view, edit, favorite and delete a manual Recipe | F3: RE-*, RL-*, RD-* | G3: Authenticated owner; Phase 1 database foundation deployed. | H3: 1. Create a Recipe using Title and ingredient/instruction blocks. 2. Locate it using Recipe Library search. 3. Open Recipe Detail. 4. Toggle Favorite in place. 5. Edit the Recipe and save. 6. Confirm updated values. 7. Delete the Recipe and confirm deletion. | I3: The Recipe lifecycle behaves according to Phase 1 requirements and persists only for the owner. | J3: Not Built | N3: Remove Recipes, Shopping items/categories, and planned meals created by the scenario unless deletion is part of the scenario.
B4: E2E-02 | C4: 1 | D4: Both | E4: Search and combined Recipe filters | F4: RL-FUNC-001 through RL-FUNC-018 | G4: Representative Recipes span multiple Categories, Cuisines, favorites, titles and ingredients. | H4: 1. Search by title substring. 2. Search by ingredient substring. 3. Apply Category, Cuisine and Favorites together. 4. Clear criteria. | I4: Results use case-insensitive substring search and AND logic; zero matches differ from a truly empty library. | J4: Not Built | N4: Remove Recipes, Shopping items/categories, and planned meals created by the scenario unless deletion is part of the scenario.
B5: E2E-03 | C5: 2 | D5: Both | E5: Recipe to Shopping List | F5: ASL-*, SHOP-* | G5: Authenticated owner; one Recipe contains multiple ingredient sections. | H5: 1. Open Recipe Detail. 2. Add to Shopping List. 3. Clear all and confirm Add disabled. 4. Select a subset. 5. Add to List. 6. Open Shopping. | I5: Only selected nonblank ingredient lines are added verbatim as new unchecked items and categorized without deduplication. | J5: Not Built | N5: Remove Recipes, Shopping items/categories, and planned meals created by the scenario unless deletion is part of the scenario.
B6: E2E-04 | C6: 2 | D6: Both | E6: Manual Shopping item through checkout/clear | F6: SHOP-FUNC-003 through SHOP-FUNC-027 | G6: Authenticated owner; Shopping categories available. | H6: 1. Add a manual item. 2. Verify/override category. 3. Edit item text. 4. Check it. 5. Verify checked ordering/collapse behavior by platform. 6. Clear Checked. 7. Confirm Clear Checked has no confirmation. 8. Add items and select Clear List; cancel and confirm items remain. 9. Repeat Clear List and confirm deletion. 10. Confirm custom categories remain. | I6: Manual item lifecycle and platform-specific Shopping behavior match requirements. | J6: Not Built | N6: Remove Recipes, Shopping items/categories, and planned meals created by the scenario unless deletion is part of the scenario.
B7: E2E-05 | C7: 3 | D7: Both | E7: Recipe to Weekly Planner | F7: PLAN-*, WP-* | G7: Authenticated owner; Recipe exists. | H7: 1. Plan Recipe for a selected date and meal. 2. Use View in Planner. 3. Confirm Planner opens the relevant week. 4. Confirm correct Breakfast/Lunch/Dinner row and linked title. | I7: Recipe appears as a meal entry in the mapped Planner period without becoming a Planner task. | J7: Not Built | N7: Remove Recipes, Shopping items/categories, and planned meals created by the scenario unless deletion is part of the scenario.
B8: E2E-06 | C8: 3 | D8: Both | E8: Planner-first Recipe and free-text entry | F8: WP-*, PM-* | G8: Authenticated owner; Recipes exist; open Weekly Planner. | H8: 1. Add meal from an empty row. 2. Search/select Recipe. 3. Add another free-text item. 4. Verify insertion order and mixed display. | I8: Both entry types coexist in the same meal slot and remain distinct from tasks. | J8: Not Built | N8: Remove Recipes, Shopping items/categories, and planned meals created by the scenario unless deletion is part of the scenario.
B9: E2E-07 | C9: 3 | D9: Both | E9: Manage existing Planner meal entries | F9: PM-FUNC-001 through PM-FUNC-007 | G9: Planner contains recipe-linked and free-text entries. | H9: 1. Open recipe-linked item actions and View. 2. Return and Remove occurrence. 3. Edit free text using Save/Cancel. 4. Remove free-text occurrence. | I9: View/Edit/Remove behaviors work without unnecessary confirmations and do not delete Recipes. | J9: Not Built | N9: Remove Recipes, Shopping items/categories, and planned meals created by the scenario unless deletion is part of the scenario.
B10: E2E-08 | C10: 3 | D10: Both | E10: Delete scheduled Recipe | F10: RL-FUNC-020, PM-FUNC-008 through PM-FUNC-010 | G10: Recipe is scheduled at least once. | H10: 1. Delete Recipe. 2. Observe delete warning. 3. Open Planner occurrence. 4. Edit converted text. | I10: Scheduled occurrence survives as editable free text and no longer behaves as a Recipe link. | J10: Not Built | N10: None for deleted Recipe; remove remaining converted Planner text entry after verification.
B11: E2E-09 | C11: 3 | D11: Both | E11: Rename scheduled Recipe | F11: PM-FUNC-011 | G11: Recipe is scheduled at least once. | H11: 1. Edit Recipe title. 2. Return to Planner week. | I11: Recipe-linked Planner entry displays the current Recipe title. | J11: Not Built | N11: Remove Recipes, Shopping items/categories, and planned meals created by the scenario unless deletion is part of the scenario.
B12: E2E-10 | C12: 1 | D12: Both | E12: Manage Recipe Category and Cuisine values | F12: RE-FUNC-001 through RE-FUNC-004; RE-FUNC-014; RE-FUNC-015 | G12: Authenticated owner; Recipe Editor available. | H12: 1. Create a Category and Cuisine while adding a Recipe. 2. Save and confirm values appear in later selectors. 3. Rename one value and confirm existing Recipe display updates. 4. Attempt deletion while referenced and confirm blocked. 5. Reassign Recipe and delete unused value. | I12: Reusable classification values persist, rename consistently, and cannot be deleted while in use. | J12: Not Built | O12: Delete test Recipe and unused test classification values.
B13: E2E-11 | C13: 2 | D13: Both | E13: Manage predefined and custom Shopping categories | F13: SHOP-FUNC-007; SHOP-FUNC-021 through SHOP-FUNC-027 | G13: Authenticated owner; Shopping available. | H13: 1. Confirm predefined categories appear in configured order and cannot be renamed/deleted. 2. Create custom category and confirm it follows predefined categories. 3. Rename it. 4. Assign an item to it. 5. Confirm deletion is blocked while in use. 6. Reassign/remove item and delete category. | I13: Predefined categories remain protected; custom lifecycle and ordering follow requirements. | J13: Not Built | O13: Remove the test Shopping item and custom category.

Sheet Coverage
A1: Requirement ID | B1: Phase | C1: Feature | D1: Type | E1: Platform | F1: Requirement | G1: Coverage Method | H1: Test Location | I1: Test ID / Check ID | J1: Current Test Status | K1: Last Tested Date | L1: Defect ID | M1: Evidence Reference | N1: Coverage Status | O1: Notes
A2: ARCH-001 | B2: 0 | C2: Architecture & Security | D2: ARCH | E2: Both | F2: Meals shall use the existing application Supabase Auth session and shall not introduce a separate Meals authentication concept. | G2: Security Test | H2: Security Acceptance | I2: ARCH-001-T01 | J2: =IFERROR(INDEX('Security Acceptance'!$N:$N,MATCH($I2,'Security Acceptance'!$B:$B,0)),"") -> Pass | K2: =IFERROR(INDEX('Security Acceptance'!$O:$O,MATCH($I2,'Security Acceptance'!$B:$B,0)),"") -> 46323 | L2: =IFERROR(INDEX('Security Acceptance'!$P:$P,MATCH($I2,'Security Acceptance'!$B:$B,0)),"") -> 0 | M2: =IFERROR(INDEX('Security Acceptance'!$Q:$Q,MATCH($I2,'Security Acceptance'!$B:$B,0)),"") -> spec/meals/README.md#phase-0a-technical-evidence; web release validation: spec/meals/README.md#web-release-validation | N2: Covered
A3: ARCH-002 | B3: 0 | C3: Architecture & Security | D3: ARCH | E3: Both | F3: Meals shall not weaken, bypass, or replace the existing exact-owner RLS authorization model. | G3: Security Test | H3: Security Acceptance | I3: ARCH-002-T01 | J3: =IFERROR(INDEX('Security Acceptance'!$N:$N,MATCH($I3,'Security Acceptance'!$B:$B,0)),"") -> Not Built | K3: =IFERROR(INDEX('Security Acceptance'!$O:$O,MATCH($I3,'Security Acceptance'!$B:$B,0)),"") -> 0 | L3: =IFERROR(INDEX('Security Acceptance'!$P:$P,MATCH($I3,'Security Acceptance'!$B:$B,0)),"") -> 0 | M3: =IFERROR(INDEX('Security Acceptance'!$Q:$Q,MATCH($I3,'Security Acceptance'!$B:$B,0)),"") -> 0 | N3: Covered
A4: ARCH-003 | B4: 0 | C4: Architecture & Security | D4: ARCH | E4: Both | F4: The designated human owner UUID for production authorization is e72bccd9-ec2b-4822-bb5c-b7c1f39dcf60. | G4: Security Test | H4: Security Acceptance | I4: ARCH-003-T01 | J4: =IFERROR(INDEX('Security Acceptance'!$N:$N,MATCH($I4,'Security Acceptance'!$B:$B,0)),"") -> Pass | K4: =IFERROR(INDEX('Security Acceptance'!$O:$O,MATCH($I4,'Security Acceptance'!$B:$B,0)),"") -> 2026-10-28 | L4: =IFERROR(INDEX('Security Acceptance'!$P:$P,MATCH($I4,'Security Acceptance'!$B:$B,0)),"") -> 0 | M4: =IFERROR(INDEX('Security Acceptance'!$Q:$Q,MATCH($I4,'Security Acceptance'!$B:$B,0)),"") -> P0B-DB-001; package 0d30359ab5cdd4aa3577c33823de1bbc80a3d4f2; spec/meals/Phase 0B Recipe Persistence Design.md section 28; meals-db-final-manifest.json SHA256 4cbbc3eac24c13860d39ee3a0d8c6ae79c638cc5967d5274d1e7ea219091f8da; complete evidence in session b7458d86-6190-4718-8779-7c2b79a30630/files | N4: Covered
A5: ARCH-004 | B5: 0 | C5: Architecture & Security | D5: ARCH | E5: Both | F5: Logged-out/anonymous clients shall receive no access to private Meals application data or private Meals RPCs. | G5: Security Test | H5: Security Acceptance | I5: ARCH-004-T01 | J5: =IFERROR(INDEX('Security Acceptance'!$N:$N,MATCH($I5,'Security Acceptance'!$B:$B,0)),"") -> Not Built | K5: =IFERROR(INDEX('Security Acceptance'!$O:$O,MATCH($I5,'Security Acceptance'!$B:$B,0)),"") -> 0 | L5: =IFERROR(INDEX('Security Acceptance'!$P:$P,MATCH($I5,'Security Acceptance'!$B:$B,0)),"") -> 0 | M5: =IFERROR(INDEX('Security Acceptance'!$Q:$Q,MATCH($I5,'Security Acceptance'!$B:$B,0)),"") -> 0 | N5: Covered
A6: ARCH-005 | B6: 0 | C6: Architecture & Security | D6: ARCH | E6: Both | F6: An authenticated identity other than the designated owner shall receive no access to owner Meals data. | G6: Security Test | H6: Security Acceptance | I6: ARCH-005-T01 | J6: =IFERROR(INDEX('Security Acceptance'!$N:$N,MATCH($I6,'Security Acceptance'!$B:$B,0)),"") -> Not Built | K6: =IFERROR(INDEX('Security Acceptance'!$O:$O,MATCH($I6,'Security Acceptance'!$B:$B,0)),"") -> 0 | L6: =IFERROR(INDEX('Security Acceptance'!$P:$P,MATCH($I6,'Security Acceptance'!$B:$B,0)),"") -> 0 | M6: =IFERROR(INDEX('Security Acceptance'!$Q:$Q,MATCH($I6,'Security Acceptance'!$B:$B,0)),"") -> 0 | N6: Covered
A7: ARCH-006 | B7: 0 | C7: Architecture & Security | D7: ARCH | E7: Both | F7: service_role credentials shall never be exposed to browser code. | G7: Security Test | H7: Security Acceptance | I7: ARCH-006-T01 | J7: =IFERROR(INDEX('Security Acceptance'!$N:$N,MATCH($I7,'Security Acceptance'!$B:$B,0)),"") -> Pass | K7: =IFERROR(INDEX('Security Acceptance'!$O:$O,MATCH($I7,'Security Acceptance'!$B:$B,0)),"") -> 46323 | L7: =IFERROR(INDEX('Security Acceptance'!$P:$P,MATCH($I7,'Security Acceptance'!$B:$B,0)),"") -> 0 | M7: =IFERROR(INDEX('Security Acceptance'!$Q:$Q,MATCH($I7,'Security Acceptance'!$B:$B,0)),"") -> spec/meals/README.md#phase-0a-technical-evidence; web release validation: spec/meals/README.md#web-release-validation | N7: Covered
A8: ARCH-007 | B8: 0 | C8: Architecture & Security | D8: ARCH | E8: Both | F8: Meals shall not depend on planner_curated_api, planner_broker_access_token_hook, the abandoned broker Auth identity, broker column grants, or the old Custom Access Token Hook architecture. | G8: Security Test | H8: Security Acceptance | I8: ARCH-007-T01 | J8: =IFERROR(INDEX('Security Acceptance'!$N:$N,MATCH($I8,'Security Acceptance'!$B:$B,0)),"") -> Pass | K8: =IFERROR(INDEX('Security Acceptance'!$O:$O,MATCH($I8,'Security Acceptance'!$B:$B,0)),"") -> 46323 | L8: =IFERROR(INDEX('Security Acceptance'!$P:$P,MATCH($I8,'Security Acceptance'!$B:$B,0)),"") -> 0 | M8: =IFERROR(INDEX('Security Acceptance'!$Q:$Q,MATCH($I8,'Security Acceptance'!$B:$B,0)),"") -> spec/meals/README.md#phase-0a-technical-evidence; web release validation: spec/meals/README.md#web-release-validation | N8: Covered
A9: ARCH-008 | B9: 0 | C9: Architecture & Security | D9: ARCH | E9: Both | F9: Meals implementation shall not be blocked by the separate broker cleanup workstream or the Supabase Support inquiry about managed supabase_admin default privileges. | G9: Security Test | H9: Security Acceptance | I9: ARCH-008-T01 | J9: =IFERROR(INDEX('Security Acceptance'!$N:$N,MATCH($I9,'Security Acceptance'!$B:$B,0)),"") -> Pass | K9: =IFERROR(INDEX('Security Acceptance'!$O:$O,MATCH($I9,'Security Acceptance'!$B:$B,0)),"") -> 46323 | L9: =IFERROR(INDEX('Security Acceptance'!$P:$P,MATCH($I9,'Security Acceptance'!$B:$B,0)),"") -> 0 | M9: =IFERROR(INDEX('Security Acceptance'!$Q:$Q,MATCH($I9,'Security Acceptance'!$B:$B,0)),"") -> spec/meals/README.md#phase-0a-technical-evidence; web release validation: spec/meals/README.md#web-release-validation | N9: Covered
A10: ARCH-009 | B10: 0 | C10: Architecture & Security | D10: ARCH | E10: Both | F10: Meals security shall not rely on inherited/default PostgreSQL or Supabase privileges; each new object shall be explicitly secured and verified. | G10: Security Test | H10: Security Acceptance | I10: ARCH-009-T01 | J10: =IFERROR(INDEX('Security Acceptance'!$N:$N,MATCH($I10,'Security Acceptance'!$B:$B,0)),"") -> Pass | K10: =IFERROR(INDEX('Security Acceptance'!$O:$O,MATCH($I10,'Security Acceptance'!$B:$B,0)),"") -> 2026-10-28 | L10: =IFERROR(INDEX('Security Acceptance'!$P:$P,MATCH($I10,'Security Acceptance'!$B:$B,0)),"") -> 0 | M10: =IFERROR(INDEX('Security Acceptance'!$Q:$Q,MATCH($I10,'Security Acceptance'!$B:$B,0)),"") -> P0B-DB-001; package 0d30359ab5cdd4aa3577c33823de1bbc80a3d4f2; spec/meals/Phase 0B Recipe Persistence Design.md section 28; meals-db-final-manifest.json SHA256 4cbbc3eac24c13860d39ee3a0d8c6ae79c638cc5967d5274d1e7ea219091f8da; complete evidence in session b7458d86-6190-4718-8779-7c2b79a30630/files | N10: Covered
A11: ARCH-010 | B11: 0 | C11: Architecture & Security | D11: ARCH | E11: Both | F11: Meal-plan entries shall be persisted as a separate domain from existing Planner task records. | G11: Database Check | H11: Database Verification | I11: DBV-ARCH-010 | J11: =IFERROR(INDEX('Database Verification'!$N:$N,MATCH($I11,'Database Verification'!$B:$B,0)),"") -> Not Built | K11: =IFERROR(INDEX('Database Verification'!$J:$J,MATCH($I11,'Database Verification'!$B:$B,0)),"") -> 0 | M11: =IFERROR(INDEX('Database Verification'!$O:$O,MATCH($I11,'Database Verification'!$B:$B,0)),"") -> 0 | N11: Covered
A12: ARCH-011 | B12: 3 | C12: Architecture & Security | D12: ARCH | E12: Both | F12: Weekly Planner shall present meal-plan data alongside existing Planner content without converting meal entries into planner_weekly_tasks or other Planner task records. | G12: Implementation Review | H12: Cross-cutting / Implementation Gate | N12: Gate requirement
A13: ARCH-012 | B13: 0 | C13: Architecture & Security | D13: ARCH | E13: Both | F13: Browser-accessible Meals tables shall use explicit RLS and operation-specific owner policies. | G13: Security Test | H13: Security Acceptance | I13: ARCH-012-T01 | J13: =IFERROR(INDEX('Security Acceptance'!$N:$N,MATCH($I13,'Security Acceptance'!$B:$B,0)),"") -> Not Built | K13: =IFERROR(INDEX('Security Acceptance'!$O:$O,MATCH($I13,'Security Acceptance'!$B:$B,0)),"") -> 0 | L13: =IFERROR(INDEX('Security Acceptance'!$P:$P,MATCH($I13,'Security Acceptance'!$B:$B,0)),"") -> 0 | M13: =IFERROR(INDEX('Security Acceptance'!$Q:$Q,MATCH($I13,'Security Acceptance'!$B:$B,0)),"") -> 0 | N13: Covered
A14: ARCH-013 | B14: 0 | C14: Architecture & Security | D14: ARCH | E14: Both | F14: Direct RLS-protected table operations are preferred where sufficient; RPCs shall not be introduced merely as CRUD wrappers. | G14: Security Test | H14: Security Acceptance | I14: ARCH-013-T01 | J14: =IFERROR(INDEX('Security Acceptance'!$N:$N,MATCH($I14,'Security Acceptance'!$B:$B,0)),"") -> Not Built | K14: =IFERROR(INDEX('Security Acceptance'!$O:$O,MATCH($I14,'Security Acceptance'!$B:$B,0)),"") -> 0 | L14: =IFERROR(INDEX('Security Acceptance'!$P:$P,MATCH($I14,'Security Acceptance'!$B:$B,0)),"") -> 0 | M14: =IFERROR(INDEX('Security Acceptance'!$Q:$Q,MATCH($I14,'Security Acceptance'!$B:$B,0)),"") -> 0 | N14: Covered
A15: ARCH-014 | B15: 0 | C15: Architecture & Security | D15: ARCH | E15: Both | F15: Any application-callable PostgreSQL function shall prefer SECURITY INVOKER; SECURITY DEFINER requires separate explicit security review before implementation. | G15: Security Test | H15: Security Acceptance | I15: ARCH-014-T01 | J15: =IFERROR(INDEX('Security Acceptance'!$N:$N,MATCH($I15,'Security Acceptance'!$B:$B,0)),"") -> Not Built | K15: =IFERROR(INDEX('Security Acceptance'!$O:$O,MATCH($I15,'Security Acceptance'!$B:$B,0)),"") -> 0 | L15: =IFERROR(INDEX('Security Acceptance'!$P:$P,MATCH($I15,'Security Acceptance'!$B:$B,0)),"") -> 0 | M15: =IFERROR(INDEX('Security Acceptance'!$Q:$Q,MATCH($I15,'Security Acceptance'!$B:$B,0)),"") -> 0 | N15: Covered
A16: ARCH-015 | B16: 0 | C16: Architecture & Security | D16: ARCH | E16: Both | F16: New Meals database objects shall normally be created through the reviewed postgres-controlled migration/SQL path and shall not intentionally be owned by supabase_admin. | G16: Database Check | H16: Database Verification | I16: DBV-ARCH-015 | J16: =IFERROR(INDEX('Database Verification'!$N:$N,MATCH($I16,'Database Verification'!$B:$B,0)),"") -> Pass | K16: =IFERROR(INDEX('Database Verification'!$J:$J,MATCH($I16,'Database Verification'!$B:$B,0)),"") -> 2026-10-28 | M16: =IFERROR(INDEX('Database Verification'!$O:$O,MATCH($I16,'Database Verification'!$B:$B,0)),"") -> P0B-PREFLIGHT-001: meals-0b-production-preflight-manifest.json; complete catalog/supplement JSON and CSV evidence in session b7458d86-6190-4718-8779-7c2b79a30630/files; Dashboard-verified home-maintenance-app / tawvchmjtkgykwwvnnnn P0B-DB-001; package 0d30359ab5cdd4aa3577c33823de1bbc80a3d4f2; spec/meals/Phase 0B Recipe Persistence Design.md section 28; meals-db-final-manifest.json SHA256 4cbbc3eac24c13860d39ee3a0d8c6ae79c638cc5967d5274d1e7ea219091f8da; complete evidence in session b7458d86-6190-4718-8779-7c2b79a30630/files | N16: Covered
A17: NAV-001 | B17: 0 | C17: Navigation & Routing | D17: UI | E17: Both | F17: The main application navigation shall include a top-level item labeled Meals. | G17: Functional Test | H17: Functional Acceptance | I17: NAV-001-T01 | J17: =IFERROR(INDEX('Functional Acceptance'!$L:$L,MATCH($I17,'Functional Acceptance'!$B:$B,0)),"") -> Pass | K17: =IFERROR(INDEX('Functional Acceptance'!$M:$M,MATCH($I17,'Functional Acceptance'!$B:$B,0)),"") -> 46323 | L17: =IFERROR(INDEX('Functional Acceptance'!$N:$N,MATCH($I17,'Functional Acceptance'!$B:$B,0)),"") -> MEALS-DEF-001 | M17: =IFERROR(INDEX('Functional Acceptance'!$O:$O,MATCH($I17,'Functional Acceptance'!$B:$B,0)),"") -> spec/meals/README.md#phase-0a-technical-evidence; P0-UAT-001: designated owner reported live Life Manager UAT PASS on 2026-10-28; release 8298e2e0797ddff7d2d53cc058fa41fb407ac0ab; recorded by Copilot from owner report, not automated authenticated verification | N17: Covered
A18: NAV-002 | B18: 0 | C18: Navigation & Routing | D18: UI | E18: Both | F18: Within Meals, the primary feature navigation shall expose Recipes and Shopping. | G18: Functional Test | H18: Functional Acceptance | I18: NAV-002-T01 | J18: =IFERROR(INDEX('Functional Acceptance'!$L:$L,MATCH($I18,'Functional Acceptance'!$B:$B,0)),"") -> Pass | K18: =IFERROR(INDEX('Functional Acceptance'!$M:$M,MATCH($I18,'Functional Acceptance'!$B:$B,0)),"") -> 46323 | L18: =IFERROR(INDEX('Functional Acceptance'!$N:$N,MATCH($I18,'Functional Acceptance'!$B:$B,0)),"") -> 0 | M18: =IFERROR(INDEX('Functional Acceptance'!$O:$O,MATCH($I18,'Functional Acceptance'!$B:$B,0)),"") -> spec/meals/README.md#phase-0a-technical-evidence; P0-UAT-001: designated owner reported live Life Manager UAT PASS on 2026-10-28; release 8298e2e0797ddff7d2d53cc058fa41fb407ac0ab; recorded by Copilot from owner report, not automated authenticated verification | N18: Covered
A19: NAV-003 | B19: 0 | C19: Navigation & Routing | D19: FUNC | E19: Both | F19: Meals routes shall use the /meals namespace rather than /cooking. | G19: Functional Test | H19: Functional Acceptance | I19: NAV-003-T01 | J19: =IFERROR(INDEX('Functional Acceptance'!$L:$L,MATCH($I19,'Functional Acceptance'!$B:$B,0)),"") -> Pass | K19: =IFERROR(INDEX('Functional Acceptance'!$M:$M,MATCH($I19,'Functional Acceptance'!$B:$B,0)),"") -> 46323 | L19: =IFERROR(INDEX('Functional Acceptance'!$N:$N,MATCH($I19,'Functional Acceptance'!$B:$B,0)),"") -> 0 | M19: =IFERROR(INDEX('Functional Acceptance'!$O:$O,MATCH($I19,'Functional Acceptance'!$B:$B,0)),"") -> spec/meals/README.md#phase-0a-technical-evidence; P0-UAT-001: designated owner reported live Life Manager UAT PASS on 2026-10-28; release 8298e2e0797ddff7d2d53cc058fa41fb407ac0ab; recorded by Copilot from owner report, not automated authenticated verification | N19: Covered
A20: NAV-004 | B20: 0 | C20: Navigation & Routing | D20: FUNC | E20: Both | F20: The Recipe Library route shall be /meals/recipes. | G20: Functional Test | H20: Functional Acceptance | I20: NAV-004-T01 | J20: =IFERROR(INDEX('Functional Acceptance'!$L:$L,MATCH($I20,'Functional Acceptance'!$B:$B,0)),"") -> Pass | K20: =IFERROR(INDEX('Functional Acceptance'!$M:$M,MATCH($I20,'Functional Acceptance'!$B:$B,0)),"") -> 46323 | L20: =IFERROR(INDEX('Functional Acceptance'!$N:$N,MATCH($I20,'Functional Acceptance'!$B:$B,0)),"") -> 0 | M20: =IFERROR(INDEX('Functional Acceptance'!$O:$O,MATCH($I20,'Functional Acceptance'!$B:$B,0)),"") -> spec/meals/README.md#phase-0a-technical-evidence; P0-UAT-001: designated owner reported live Life Manager UAT PASS on 2026-10-28; release 8298e2e0797ddff7d2d53cc058fa41fb407ac0ab; recorded by Copilot from owner report, not automated authenticated verification | N20: Covered
A21: NAV-005 | B21: 1 | C21: Navigation & Routing | D21: FUNC | E21: Both | F21: The manual Add Recipe route shall be /meals/recipes/new. | G21: Functional Test | H21: Functional Acceptance | I21: NAV-005-T01 | J21: =IFERROR(INDEX('Functional Acceptance'!$L:$L,MATCH($I21,'Functional Acceptance'!$B:$B,0)),"") -> Not Built | K21: =IFERROR(INDEX('Functional Acceptance'!$M:$M,MATCH($I21,'Functional Acceptance'!$B:$B,0)),"") -> 0 | L21: =IFERROR(INDEX('Functional Acceptance'!$N:$N,MATCH($I21,'Functional Acceptance'!$B:$B,0)),"") -> 0 | M21: =IFERROR(INDEX('Functional Acceptance'!$O:$O,MATCH($I21,'Functional Acceptance'!$B:$B,0)),"") -> 0 | N21: Covered
A22: NAV-006 | B22: 1 | C22: Navigation & Routing | D22: FUNC | E22: Both | F22: Recipe Detail shall use a route equivalent to /meals/recipes/:id. | G22: Functional Test | H22: Functional Acceptance | I22: NAV-006-T01 | J22: =IFERROR(INDEX('Functional Acceptance'!$L:$L,MATCH($I22,'Functional Acceptance'!$B:$B,0)),"") -> Not Built | K22: =IFERROR(INDEX('Functional Acceptance'!$M:$M,MATCH($I22,'Functional Acceptance'!$B:$B,0)),"") -> 0 | L22: =IFERROR(INDEX('Functional Acceptance'!$N:$N,MATCH($I22,'Functional Acceptance'!$B:$B,0)),"") -> 0 | M22: =IFERROR(INDEX('Functional Acceptance'!$O:$O,MATCH($I22,'Functional Acceptance'!$B:$B,0)),"") -> 0 | N22: Covered
A23: NAV-007 | B23: 2 | C23: Navigation & Routing | D23: FUNC | E23: Both | F23: Shopping shall use /meals/shopping. | G23: Functional Test | H23: Functional Acceptance | I23: NAV-007-T01 | J23: =IFERROR(INDEX('Functional Acceptance'!$L:$L,MATCH($I23,'Functional Acceptance'!$B:$B,0)),"") -> Not Built | K23: =IFERROR(INDEX('Functional Acceptance'!$M:$M,MATCH($I23,'Functional Acceptance'!$B:$B,0)),"") -> 0 | L23: =IFERROR(INDEX('Functional Acceptance'!$N:$N,MATCH($I23,'Functional Acceptance'!$B:$B,0)),"") -> 0 | M23: =IFERROR(INDEX('Functional Acceptance'!$O:$O,MATCH($I23,'Functional Acceptance'!$B:$B,0)),"") -> 0 | N23: Covered
A24: NAV-008 | B24: TBD | C24: Navigation & Routing | D24: FUNC | E24: Both | F24: Recipe Import routing may be reserved but must remain inactive/deferred until import scope is approved. | G24: Deferred Investigation | H24: Deferred / Investigation | J24: Deferred | N24: Deferred
A25: NAV-009 | B25: 0 | C25: Navigation & Routing | D25: FUNC | E25: Both | F25: Navigating to /meals shall redirect to /meals/recipes. | G25: Functional Test | H25: Functional Acceptance | I25: NAV-009-T01 | J25: =IFERROR(INDEX('Functional Acceptance'!$L:$L,MATCH($I25,'Functional Acceptance'!$B:$B,0)),"") -> Pass | K25: =IFERROR(INDEX('Functional Acceptance'!$M:$M,MATCH($I25,'Functional Acceptance'!$B:$B,0)),"") -> 46323 | L25: =IFERROR(INDEX('Functional Acceptance'!$N:$N,MATCH($I25,'Functional Acceptance'!$B:$B,0)),"") -> 0 | M25: =IFERROR(INDEX('Functional Acceptance'!$O:$O,MATCH($I25,'Functional Acceptance'!$B:$B,0)),"") -> spec/meals/README.md#phase-0a-technical-evidence; P0-UAT-001: designated owner reported live Life Manager UAT PASS on 2026-10-28; release 8298e2e0797ddff7d2d53cc058fa41fb407ac0ab; recorded by Copilot from owner report, not automated authenticated verification | N25: Covered
A26: RL-UI-001 | B26: 1 | C26: Recipe Library | D26: UI | E26: Desktop | F26: The Recipe Library shall be text-oriented and shall not display recipe thumbnails. | G26: Functional Test | H26: Functional Acceptance | I26: RL-UI-001-T01-D | J26: =IFERROR(INDEX('Functional Acceptance'!$L:$L,MATCH($I26,'Functional Acceptance'!$B:$B,0)),"") -> Not Built | K26: =IFERROR(INDEX('Functional Acceptance'!$M:$M,MATCH($I26,'Functional Acceptance'!$B:$B,0)),"") -> 0 | L26: =IFERROR(INDEX('Functional Acceptance'!$N:$N,MATCH($I26,'Functional Acceptance'!$B:$B,0)),"") -> 0 | M26: =IFERROR(INDEX('Functional Acceptance'!$O:$O,MATCH($I26,'Functional Acceptance'!$B:$B,0)),"") -> 0 | N26: Covered
A27: RL-UI-002 | B27: 1 | C27: Recipe Library | D27: UI | E27: Desktop | F27: Desktop shall display compact recipe rows with selection, Favorite, Name, Category, Cuisine, and Source. | G27: Functional Test | H27: Functional Acceptance | I27: RL-UI-002-T01 | J27: =IFERROR(INDEX('Functional Acceptance'!$L:$L,MATCH($I27,'Functional Acceptance'!$B:$B,0)),"") -> Not Built | K27: =IFERROR(INDEX('Functional Acceptance'!$M:$M,MATCH($I27,'Functional Acceptance'!$B:$B,0)),"") -> 0 | L27: =IFERROR(INDEX('Functional Acceptance'!$N:$N,MATCH($I27,'Functional Acceptance'!$B:$B,0)),"") -> 0 | M27: =IFERROR(INDEX('Functional Acceptance'!$O:$O,MATCH($I27,'Functional Acceptance'!$B:$B,0)),"") -> 0 | N27: Covered
A28: RL-UI-003 | B28: 1 | C28: Recipe Library | D28: UI | E28: Mobile | F28: Mobile shall display compact recipe rows with a Favorite control and concise classification information without a desktop-style data table. | G28: Functional Test | H28: Functional Acceptance | I28: RL-UI-003-T01 | J28: =IFERROR(INDEX('Functional Acceptance'!$L:$L,MATCH($I28,'Functional Acceptance'!$B:$B,0)),"") -> Not Built | K28: =IFERROR(INDEX('Functional Acceptance'!$M:$M,MATCH($I28,'Functional Acceptance'!$B:$B,0)),"") -> 0 | L28: =IFERROR(INDEX('Functional Acceptance'!$N:$N,MATCH($I28,'Functional Acceptance'!$B:$B,0)),"") -> 0 | M28: =IFERROR(INDEX('Functional Acceptance'!$O:$O,MATCH($I28,'Functional Acceptance'!$B:$B,0)),"") -> 0 | N28: Covered
A29: RL-FUNC-001 | B29: 1 | C29: Recipe Library | D29: FUNC | E29: Both | F29: The Recipe Library shall provide a prominently available text search box. | G29: Functional Test | H29: Functional Acceptance | I29: RL-FUNC-001-T01 | J29: =IFERROR(INDEX('Functional Acceptance'!$L:$L,MATCH($I29,'Functional Acceptance'!$B:$B,0)),"") -> Not Built | K29: =IFERROR(INDEX('Functional Acceptance'!$M:$M,MATCH($I29,'Functional Acceptance'!$B:$B,0)),"") -> 0 | L29: =IFERROR(INDEX('Functional Acceptance'!$N:$N,MATCH($I29,'Functional Acceptance'!$B:$B,0)),"") -> 0 | M29: =IFERROR(INDEX('Functional Acceptance'!$O:$O,MATCH($I29,'Functional Acceptance'!$B:$B,0)),"") -> 0 | N29: Covered
A30: RL-FUNC-002 | B30: 1 | C30: Recipe Library | D30: FUNC | E30: Both | F30: Recipe title search shall use case-insensitive substring matching. | G30: Functional Test | H30: Functional Acceptance | I30: RL-FUNC-002-T01 | J30: =IFERROR(INDEX('Functional Acceptance'!$L:$L,MATCH($I30,'Functional Acceptance'!$B:$B,0)),"") -> Not Built | K30: =IFERROR(INDEX('Functional Acceptance'!$M:$M,MATCH($I30,'Functional Acceptance'!$B:$B,0)),"") -> 0 | L30: =IFERROR(INDEX('Functional Acceptance'!$N:$N,MATCH($I30,'Functional Acceptance'!$B:$B,0)),"") -> 0 | M30: =IFERROR(INDEX('Functional Acceptance'!$O:$O,MATCH($I30,'Functional Acceptance'!$B:$B,0)),"") -> 0 | N30: Covered
A31: RL-FUNC-003 | B31: 1 | C31: Recipe Library | D31: FUNC | E31: Both | F31: Ingredient search shall use case-insensitive substring matching against stored ingredient text. | G31: Functional Test | H31: Functional Acceptance | I31: RL-FUNC-003-T01 | J31: =IFERROR(INDEX('Functional Acceptance'!$L:$L,MATCH($I31,'Functional Acceptance'!$B:$B,0)),"") -> Not Built | K31: =IFERROR(INDEX('Functional Acceptance'!$M:$M,MATCH($I31,'Functional Acceptance'!$B:$B,0)),"") -> 0 | L31: =IFERROR(INDEX('Functional Acceptance'!$N:$N,MATCH($I31,'Functional Acceptance'!$B:$B,0)),"") -> 0 | M31: =IFERROR(INDEX('Functional Acceptance'!$O:$O,MATCH($I31,'Functional Acceptance'!$B:$B,0)),"") -> 0 | N31: Covered
A32: RL-FUNC-004 | B32: 1 | C32: Recipe Library | D32: FUNC | E32: Both | F32: The Recipe Library shall filter by Category. | G32: Functional Test | H32: Functional Acceptance | I32: RL-FUNC-004-T01 | J32: =IFERROR(INDEX('Functional Acceptance'!$L:$L,MATCH($I32,'Functional Acceptance'!$B:$B,0)),"") -> Not Built | K32: =IFERROR(INDEX('Functional Acceptance'!$M:$M,MATCH($I32,'Functional Acceptance'!$B:$B,0)),"") -> 0 | L32: =IFERROR(INDEX('Functional Acceptance'!$N:$N,MATCH($I32,'Functional Acceptance'!$B:$B,0)),"") -> 0 | M32: =IFERROR(INDEX('Functional Acceptance'!$O:$O,MATCH($I32,'Functional Acceptance'!$B:$B,0)),"") -> 0 | N32: Covered
A33: RL-FUNC-005 | B33: 1 | C33: Recipe Library | D33: FUNC | E33: Both | F33: The Recipe Library shall filter by Cuisine. | G33: Functional Test | H33: Functional Acceptance | I33: RL-FUNC-005-T01 | J33: =IFERROR(INDEX('Functional Acceptance'!$L:$L,MATCH($I33,'Functional Acceptance'!$B:$B,0)),"") -> Not Built | K33: =IFERROR(INDEX('Functional Acceptance'!$M:$M,MATCH($I33,'Functional Acceptance'!$B:$B,0)),"") -> 0 | L33: =IFERROR(INDEX('Functional Acceptance'!$N:$N,MATCH($I33,'Functional Acceptance'!$B:$B,0)),"") -> 0 | M33: =IFERROR(INDEX('Functional Acceptance'!$O:$O,MATCH($I33,'Functional Acceptance'!$B:$B,0)),"") -> 0 | N33: Covered
A34: RL-FUNC-006 | B34: 1 | C34: Recipe Library | D34: FUNC | E34: Both | F34: The Recipe Library shall filter to Favorites. | G34: Functional Test | H34: Functional Acceptance | I34: RL-FUNC-006-T01 | J34: =IFERROR(INDEX('Functional Acceptance'!$L:$L,MATCH($I34,'Functional Acceptance'!$B:$B,0)),"") -> Not Built | K34: =IFERROR(INDEX('Functional Acceptance'!$M:$M,MATCH($I34,'Functional Acceptance'!$B:$B,0)),"") -> 0 | L34: =IFERROR(INDEX('Functional Acceptance'!$N:$N,MATCH($I34,'Functional Acceptance'!$B:$B,0)),"") -> 0 | M34: =IFERROR(INDEX('Functional Acceptance'!$O:$O,MATCH($I34,'Functional Acceptance'!$B:$B,0)),"") -> 0 | N34: Covered
A35: RL-FUNC-007 | B35: 1 | C35: Recipe Library | D35: FUNC | E35: Desktop | F35: Desktop Name, Category, Cuisine, and Source columns shall support ascending/descending sorting from their column headers. | G35: Functional Test | H35: Functional Acceptance | I35: RL-FUNC-007-T01 | J35: =IFERROR(INDEX('Functional Acceptance'!$L:$L,MATCH($I35,'Functional Acceptance'!$B:$B,0)),"") -> Not Built | K35: =IFERROR(INDEX('Functional Acceptance'!$M:$M,MATCH($I35,'Functional Acceptance'!$B:$B,0)),"") -> 0 | L35: =IFERROR(INDEX('Functional Acceptance'!$N:$N,MATCH($I35,'Functional Acceptance'!$B:$B,0)),"") -> 0 | M35: =IFERROR(INDEX('Functional Acceptance'!$O:$O,MATCH($I35,'Functional Acceptance'!$B:$B,0)),"") -> 0 | N35: Covered
A36: RL-FUNC-008 | B36: 1 | C36: Recipe Library | D36: FUNC | E36: Mobile | F36: Mobile shall not display a separate A-Z sort control. | G36: Functional Test | H36: Functional Acceptance | I36: RL-FUNC-008-T01 | J36: =IFERROR(INDEX('Functional Acceptance'!$L:$L,MATCH($I36,'Functional Acceptance'!$B:$B,0)),"") -> Not Built | K36: =IFERROR(INDEX('Functional Acceptance'!$M:$M,MATCH($I36,'Functional Acceptance'!$B:$B,0)),"") -> 0 | L36: =IFERROR(INDEX('Functional Acceptance'!$N:$N,MATCH($I36,'Functional Acceptance'!$B:$B,0)),"") -> 0 | M36: =IFERROR(INDEX('Functional Acceptance'!$O:$O,MATCH($I36,'Functional Acceptance'!$B:$B,0)),"") -> 0 | N36: Covered
... A184: STATE-007 | B184: 1 | C184: Cross-cutting States | D184: STATE | E184: Both | F184: Mutation failures shall clearly indicate that the attempted change did not persist and shall preserve user-entered or currently persisted content where practical so the action can be retried. | G184: Functional Test | H184: Functional Acceptance | I184: STATE-007-T01 | J184: =IFERROR(INDEX('Functional Acceptance'!$L:$L,MATCH($I184,'Functional Acceptance'!$B:$B,0)),"") -> Not Built | K184: =IFERROR(INDEX('Functional Acceptance'!$M:$M,MATCH($I184,'Functional Acceptance'!$B:$B,0)),"") -> 0 | L184: =IFERROR(INDEX('Functional Acceptance'!$N:$N,MATCH($I184,'Functional Acceptance'!$B:$B,0)),"") -> 0 | M184: =IFERROR(INDEX('Functional Acceptance'!$O:$O,MATCH($I184,'Functional Acceptance'!$B:$B,0)),"") -> 0 | N184: Covered
A185: DB-SEC-001 | B185: 0 | C185: Database & Persistence | D185: SEC | E185: Both | F185: Every browser-accessible Meals table shall explicitly enable RLS. | G185: Database Check | H185: Database Verification | I185: DBV-DB-SEC-001 | J185: =IFERROR(INDEX('Database Verification'!$N:$N,MATCH($I185,'Database Verification'!$B:$B,0)),"") -> Pass | K185: =IFERROR(INDEX('Database Verification'!$J:$J,MATCH($I185,'Database Verification'!$B:$B,0)),"") -> 2026-10-28 | M185: =IFERROR(INDEX('Database Verification'!$O:$O,MATCH($I185,'Database Verification'!$B:$B,0)),"") -> P0B-DB-001; package 0d30359ab5cdd4aa3577c33823de1bbc80a3d4f2; spec/meals/Phase 0B Recipe Persistence Design.md section 28; meals-db-final-manifest.json SHA256 4cbbc3eac24c13860d39ee3a0d8c6ae79c638cc5967d5274d1e7ea219091f8da; complete evidence in session b7458d86-6190-4718-8779-7c2b79a30630/files | N185: Covered
A186: DB-SEC-002 | B186: 0 | C186: Database & Persistence | D186: SEC | E186: Both | F186: Every browser-accessible Meals table shall explicitly revoke unintended anon and PUBLIC application-data access. | G186: Database Check | H186: Database Verification | I186: DBV-DB-SEC-002 | J186: =IFERROR(INDEX('Database Verification'!$N:$N,MATCH($I186,'Database Verification'!$B:$B,0)),"") -> Pass | K186: =IFERROR(INDEX('Database Verification'!$J:$J,MATCH($I186,'Database Verification'!$B:$B,0)),"") -> 2026-10-28 | M186: =IFERROR(INDEX('Database Verification'!$O:$O,MATCH($I186,'Database Verification'!$B:$B,0)),"") -> P0B-DB-001; package 0d30359ab5cdd4aa3577c33823de1bbc80a3d4f2; spec/meals/Phase 0B Recipe Persistence Design.md section 28; meals-db-final-manifest.json SHA256 4cbbc3eac24c13860d39ee3a0d8c6ae79c638cc5967d5274d1e7ea219091f8da; complete evidence in session b7458d86-6190-4718-8779-7c2b79a30630/files | N186: Covered
A187: DB-SEC-003 | B187: 0 | C187: Database & Persistence | D187: SEC | E187: Both | F187: authenticated shall receive only the table operations required by the approved UI/API for each object. | G187: Database Check | H187: Database Verification | I187: DBV-DB-SEC-003 | J187: =IFERROR(INDEX('Database Verification'!$N:$N,MATCH($I187,'Database Verification'!$B:$B,0)),"") -> Pass | K187: =IFERROR(INDEX('Database Verification'!$J:$J,MATCH($I187,'Database Verification'!$B:$B,0)),"") -> 2026-10-28 | M187: =IFERROR(INDEX('Database Verification'!$O:$O,MATCH($I187,'Database Verification'!$B:$B,0)),"") -> P0B-DB-001; package 0d30359ab5cdd4aa3577c33823de1bbc80a3d4f2; spec/meals/Phase 0B Recipe Persistence Design.md section 28; meals-db-final-manifest.json SHA256 4cbbc3eac24c13860d39ee3a0d8c6ae79c638cc5967d5274d1e7ea219091f8da; complete evidence in session b7458d86-6190-4718-8779-7c2b79a30630/files | N187: Covered
A188: DB-SEC-004 | B188: 0 | C188: Database & Persistence | D188: SEC | E188: Both | F188: Each allowed browser operation shall use an operation-specific policy restricting access to the exact designated owner. | G188: Database Check | H188: Database Verification | I188: DBV-DB-SEC-004 | J188: =IFERROR(INDEX('Database Verification'!$N:$N,MATCH($I188,'Database Verification'!$B:$B,0)),"") -> Pass | K188: =IFERROR(INDEX('Database Verification'!$J:$J,MATCH($I188,'Database Verification'!$B:$B,0)),"") -> 2026-10-28 | M188: =IFERROR(INDEX('Database Verification'!$O:$O,MATCH($I188,'Database Verification'!$B:$B,0)),"") -> P0B-DB-001; package 0d30359ab5cdd4aa3577c33823de1bbc80a3d4f2; spec/meals/Phase 0B Recipe Persistence Design.md section 28; meals-db-final-manifest.json SHA256 4cbbc3eac24c13860d39ee3a0d8c6ae79c638cc5967d5274d1e7ea219091f8da; complete evidence in session b7458d86-6190-4718-8779-7c2b79a30630/files | N188: Covered
A189: DB-SEC-005 | B189: 0 | C189: Database & Persistence | D189: SEC | E189: Both | F189: A table intentionally inaccessible to browser clients may use RLS with no browser policy; permissive policies shall not be added merely to remove informational lint. | G189: Database Check | H189: Database Verification | I189: DBV-DB-SEC-005 | J189: =IFERROR(INDEX('Database Verification'!$N:$N,MATCH($I189,'Database Verification'!$B:$B,0)),"") -> Not Built | K189: =IFERROR(INDEX('Database Verification'!$J:$J,MATCH($I189,'Database Verification'!$B:$B,0)),"") -> 0 | M189: =IFERROR(INDEX('Database Verification'!$O:$O,MATCH($I189,'Database Verification'!$B:$B,0)),"") -> 0 | N189: Covered
A190: DB-SEC-006 | B190: 0 | C190: Database & Persistence | D190: SEC | E190: Both | F190: Every new Meals object shall have schema, owner, object type, effective ACL, RLS state, policies, and relevant security configuration verified after creation. | G190: Database Check | H190: Database Verification | I190: DBV-DB-SEC-006 | J190: =IFERROR(INDEX('Database Verification'!$N:$N,MATCH($I190,'Database Verification'!$B:$B,0)),"") -> Pass | K190: =IFERROR(INDEX('Database Verification'!$J:$J,MATCH($I190,'Database Verification'!$B:$B,0)),"") -> 2026-10-28 | M190: =IFERROR(INDEX('Database Verification'!$O:$O,MATCH($I190,'Database Verification'!$B:$B,0)),"") -> P0B-DB-001; package 0d30359ab5cdd4aa3577c33823de1bbc80a3d4f2; spec/meals/Phase 0B Recipe Persistence Design.md section 28; meals-db-final-manifest.json SHA256 4cbbc3eac24c13860d39ee3a0d8c6ae79c638cc5967d5274d1e7ea219091f8da; complete evidence in session b7458d86-6190-4718-8779-7c2b79a30630/files | N190: Covered
A191: DB-SEC-007 | B191: 0 | C191: Database & Persistence | D191: SEC | E191: Both | F191: Unexpected supabase_admin ownership or unexplained PUBLIC/anon/authenticated privileges on a new Meals object shall block production acceptance pending review. | G191: Database Check | H191: Database Verification | I191: DBV-DB-SEC-007 | J191: =IFERROR(INDEX('Database Verification'!$N:$N,MATCH($I191,'Database Verification'!$B:$B,0)),"") -> Pass | K191: =IFERROR(INDEX('Database Verification'!$J:$J,MATCH($I191,'Database Verification'!$B:$B,0)),"") -> 2026-10-28 | M191: =IFERROR(INDEX('Database Verification'!$O:$O,MATCH($I191,'Database Verification'!$B:$B,0)),"") -> P0B-DB-001; package 0d30359ab5cdd4aa3577c33823de1bbc80a3d4f2; spec/meals/Phase 0B Recipe Persistence Design.md section 28; meals-db-final-manifest.json SHA256 4cbbc3eac24c13860d39ee3a0d8c6ae79c638cc5967d5274d1e7ea219091f8da; complete evidence in session b7458d86-6190-4718-8779-7c2b79a30630/files | N191: Covered
A192: DB-SEC-008 | B192: 0 | C192: Database & Persistence | D192: SEC | E192: Both | F192: If views are introduced, browser accessibility, view ACL, underlying RLS behavior, and effective security-invoker/caller semantics shall be explicitly configured and verified. | G192: Database Check | H192: Database Verification | I192: DBV-DB-SEC-008 | J192: =IFERROR(INDEX('Database Verification'!$N:$N,MATCH($I192,'Database Verification'!$B:$B,0)),"") -> Not Built | K192: =IFERROR(INDEX('Database Verification'!$J:$J,MATCH($I192,'Database Verification'!$B:$B,0)),"") -> 0 | M192: =IFERROR(INDEX('Database Verification'!$O:$O,MATCH($I192,'Database Verification'!$B:$B,0)),"") -> 0 | N192: Covered
A193: DB-SEC-009 | B193: 0 | C193: Database & Persistence | D193: SEC | E193: Both | F193: If sequences are introduced, only required sequence privileges shall be granted; anon shall receive none. | G193: Database Check | H193: Database Verification | I193: DBV-DB-SEC-009 | J193: =IFERROR(INDEX('Database Verification'!$N:$N,MATCH($I193,'Database Verification'!$B:$B,0)),"") -> Not Built | K193: =IFERROR(INDEX('Database Verification'!$J:$J,MATCH($I193,'Database Verification'!$B:$B,0)),"") -> 0 | M193: =IFERROR(INDEX('Database Verification'!$O:$O,MATCH($I193,'Database Verification'!$B:$B,0)),"") -> 0 | N193: Covered
A194: DB-SEC-010 | B194: 0 | C194: Database & Persistence | D194: SEC | E194: Both | F194: If application-callable functions are introduced, unintended PUBLIC/anon EXECUTE shall be revoked and authenticated EXECUTE shall be granted only when required. | G194: Database Check | H194: Database Verification | I194: DBV-DB-SEC-010 | J194: =IFERROR(INDEX('Database Verification'!$N:$N,MATCH($I194,'Database Verification'!$B:$B,0)),"") -> Not Built | K194: =IFERROR(INDEX('Database Verification'!$J:$J,MATCH($I194,'Database Verification'!$B:$B,0)),"") -> 0 | M194: =IFERROR(INDEX('Database Verification'!$O:$O,MATCH($I194,'Database Verification'!$B:$B,0)),"") -> 0 | N194: Covered
A195: DB-SEC-011 | B195: 0 | C195: Database & Persistence | D195: SEC | E195: Both | F195: Meals migrations and verification shall contain no dependency on planner_curated_api or planner_broker_access_token_hook. | G195: Database Check | H195: Database Verification | I195: DBV-DB-SEC-011 | J195: =IFERROR(INDEX('Database Verification'!$N:$N,MATCH($I195,'Database Verification'!$B:$B,0)),"") -> Pass | K195: =IFERROR(INDEX('Database Verification'!$J:$J,MATCH($I195,'Database Verification'!$B:$B,0)),"") -> 2026-10-28 | M195: =IFERROR(INDEX('Database Verification'!$O:$O,MATCH($I195,'Database Verification'!$B:$B,0)),"") -> P0B-DB-001; package 0d30359ab5cdd4aa3577c33823de1bbc80a3d4f2; spec/meals/Phase 0B Recipe Persistence Design.md section 28; meals-db-final-manifest.json SHA256 4cbbc3eac24c13860d39ee3a0d8c6ae79c638cc5967d5274d1e7ea219091f8da; complete evidence in session b7458d86-6190-4718-8779-7c2b79a30630/files | N195: Covered
A196: DB-SEC-012 | B196: 0 | C196: Database & Persistence | D196: SEC | E196: Both | F196: Production database verification shall confirm the target Supabase project is home-maintenance-app / tawvchmjtkgykwwvnnnn before relying on catalog results. | G196: Database Check | H196: Database Verification | I196: DBV-DB-SEC-012 | J196: =IFERROR(INDEX('Database Verification'!$N:$N,MATCH($I196,'Database Verification'!$B:$B,0)),"") -> Pass | K196: =IFERROR(INDEX('Database Verification'!$J:$J,MATCH($I196,'Database Verification'!$B:$B,0)),"") -> 2026-10-28 | M196: =IFERROR(INDEX('Database Verification'!$O:$O,MATCH($I196,'Database Verification'!$B:$B,0)),"") -> P0B-DB-001; package 0d30359ab5cdd4aa3577c33823de1bbc80a3d4f2; spec/meals/Phase 0B Recipe Persistence Design.md section 28; meals-db-final-manifest.json SHA256 4cbbc3eac24c13860d39ee3a0d8c6ae79c638cc5967d5274d1e7ea219091f8da; complete evidence in session b7458d86-6190-4718-8779-7c2b79a30630/files | N196: Covered
A197: DB-DATA-001 | B197: 0 | C197: Database & Persistence | D197: DATA | E197: Both | F197: Primary persisted Meals records shall use database-managed created_at and updated_at timestamps where technically applicable. These timestamps are operational metadata and do not require display in the Meals UI. | G197: Database Check | H197: Database Verification | I197: DBV-DB-DATA-001 | J197: =IFERROR(INDEX('Database Verification'!$N:$N,MATCH($I197,'Database Verification'!$B:$B,0)),"") -> Pass | K197: =IFERROR(INDEX('Database Verification'!$J:$J,MATCH($I197,'Database Verification'!$B:$B,0)),"") -> 2026-10-28 | M197: =IFERROR(INDEX('Database Verification'!$O:$O,MATCH($I197,'Database Verification'!$B:$B,0)),"") -> P0B-DB-001; package 0d30359ab5cdd4aa3577c33823de1bbc80a3d4f2; spec/meals/Phase 0B Recipe Persistence Design.md section 28; meals-db-final-manifest.json SHA256 4cbbc3eac24c13860d39ee3a0d8c6ae79c638cc5967d5274d1e7ea219091f8da; complete evidence in session b7458d86-6190-4718-8779-7c2b79a30630/files | N197: Covered
A198: SEC-TST-001 | B198: 0 | C198: Security Verification | D198: TEST | E198: Both | F198: Logged out / anon shall be unable to retrieve private Meals data. | G198: Security Test | H198: Security Acceptance | I198: SEC-TST-001-T01 | J198: =IFERROR(INDEX('Security Acceptance'!$N:$N,MATCH($I198,'Security Acceptance'!$B:$B,0)),"") -> Not Built | K198: =IFERROR(INDEX('Security Acceptance'!$O:$O,MATCH($I198,'Security Acceptance'!$B:$B,0)),"") -> 0 | L198: =IFERROR(INDEX('Security Acceptance'!$P:$P,MATCH($I198,'Security Acceptance'!$B:$B,0)),"") -> 0 | M198: =IFERROR(INDEX('Security Acceptance'!$Q:$Q,MATCH($I198,'Security Acceptance'!$B:$B,0)),"") -> 0 | N198: Covered
A199: SEC-TST-002 | B199: 0 | C199: Security Verification | D199: TEST | E199: Both | F199: Logged out / anon shall be unable to perform Meals mutations. | G199: Security Test | H199: Security Acceptance | I199: SEC-TST-002-T01 | J199: =IFERROR(INDEX('Security Acceptance'!$N:$N,MATCH($I199,'Security Acceptance'!$B:$B,0)),"") -> Not Built | K199: =IFERROR(INDEX('Security Acceptance'!$O:$O,MATCH($I199,'Security Acceptance'!$B:$B,0)),"") -> 0 | L199: =IFERROR(INDEX('Security Acceptance'!$P:$P,MATCH($I199,'Security Acceptance'!$B:$B,0)),"") -> 0 | M199: =IFERROR(INDEX('Security Acceptance'!$Q:$Q,MATCH($I199,'Security Acceptance'!$B:$B,0)),"") -> 0 | N199: Covered
A200: SEC-TST-003 | B200: 0 | C200: Security Verification | D200: TEST | E200: Both | F200: Logged out / anon shall be unable to invoke private Meals RPCs, if any exist. | G200: Security Test | H200: Security Acceptance | I200: SEC-TST-003-T01 | J200: =IFERROR(INDEX('Security Acceptance'!$N:$N,MATCH($I200,'Security Acceptance'!$B:$B,0)),"") -> Not Built | K200: =IFERROR(INDEX('Security Acceptance'!$O:$O,MATCH($I200,'Security Acceptance'!$B:$B,0)),"") -> 0 | L200: =IFERROR(INDEX('Security Acceptance'!$P:$P,MATCH($I200,'Security Acceptance'!$B:$B,0)),"") -> 0 | M200: =IFERROR(INDEX('Security Acceptance'!$Q:$Q,MATCH($I200,'Security Acceptance'!$B:$B,0)),"") -> 0 | N200: Covered
A201: SEC-TST-004 | B201: 0 | C201: Security Verification | D201: TEST | E201: Both | F201: The authenticated designated owner shall succeed for each intended read/create/update/delete operation exposed by the implemented Meals UI. | G201: Security Test | H201: Security Acceptance | I201: SEC-TST-004-T01 | J201: =IFERROR(INDEX('Security Acceptance'!$N:$N,MATCH($I201,'Security Acceptance'!$B:$B,0)),"") -> Not Built | K201: =IFERROR(INDEX('Security Acceptance'!$O:$O,MATCH($I201,'Security Acceptance'!$B:$B,0)),"") -> 0 | L201: =IFERROR(INDEX('Security Acceptance'!$P:$P,MATCH($I201,'Security Acceptance'!$B:$B,0)),"") -> 0 | M201: =IFERROR(INDEX('Security Acceptance'!$Q:$Q,MATCH($I201,'Security Acceptance'!$B:$B,0)),"") -> 0 | N201: Covered
A202: SEC-TST-005 | B202: 0 | C202: Security Verification | D202: TEST | E202: Both | F202: A synthetic authenticated non-owner UUID shall be denied owner Meals data access and mutations. | G202: Security Test | H202: Security Acceptance | I202: SEC-TST-005-T01 | J202: =IFERROR(INDEX('Security Acceptance'!$N:$N,MATCH($I202,'Security Acceptance'!$B:$B,0)),"") -> Not Built | K202: =IFERROR(INDEX('Security Acceptance'!$O:$O,MATCH($I202,'Security Acceptance'!$B:$B,0)),"") -> 0 | L202: =IFERROR(INDEX('Security Acceptance'!$P:$P,MATCH($I202,'Security Acceptance'!$B:$B,0)),"") -> 0 | M202: =IFERROR(INDEX('Security Acceptance'!$Q:$Q,MATCH($I202,'Security Acceptance'!$B:$B,0)),"") -> 0 | N202: Covered
A203: SEC-TST-006 | B203: 0 | C203: Security Verification | D203: TEST | E203: Both | F203: Browser code shall contain no service_role credential or equivalent privileged backend secret. | G203: Security Test | H203: Security Acceptance | I203: SEC-TST-006-T01 | J203: =IFERROR(INDEX('Security Acceptance'!$N:$N,MATCH($I203,'Security Acceptance'!$B:$B,0)),"") -> Pass | K203: =IFERROR(INDEX('Security Acceptance'!$O:$O,MATCH($I203,'Security Acceptance'!$B:$B,0)),"") -> 46323 | L203: =IFERROR(INDEX('Security Acceptance'!$P:$P,MATCH($I203,'Security Acceptance'!$B:$B,0)),"") -> 0 | M203: =IFERROR(INDEX('Security Acceptance'!$Q:$Q,MATCH($I203,'Security Acceptance'!$B:$B,0)),"") -> spec/meals/README.md#phase-0a-technical-evidence; web release validation: spec/meals/README.md#web-release-validation | N203: Covered
A204: SEC-TST-007 | B204: 0 | C204: Security Verification | D204: TEST | E204: Both | F204: Catalog verification shall confirm exact relation ACLs, RLS states, policies, policy roles/expressions, function ACL/security mode, view security, and sequence ACLs for applicable Meals objects. | G204: Security Test | H204: Security Acceptance | I204: SEC-TST-007-T01 | J204: =IFERROR(INDEX('Security Acceptance'!$N:$N,MATCH($I204,'Security Acceptance'!$B:$B,0)),"") -> Not Built | K204: =IFERROR(INDEX('Security Acceptance'!$O:$O,MATCH($I204,'Security Acceptance'!$B:$B,0)),"") -> 0 | L204: =IFERROR(INDEX('Security Acceptance'!$P:$P,MATCH($I204,'Security Acceptance'!$B:$B,0)),"") -> 0 | M204: =IFERROR(INDEX('Security Acceptance'!$Q:$Q,MATCH($I204,'Security Acceptance'!$B:$B,0)),"") -> 0 | N204: Covered
A205: SEC-TST-008 | B205: 0 | C205: Security Verification | D205: TEST | E205: Both | F205: Catalog verification shall establish no unintended anon or PUBLIC application-data access. | G205: Security Test | H205: Security Acceptance | I205: SEC-TST-008-T01 | J205: =IFERROR(INDEX('Security Acceptance'!$N:$N,MATCH($I205,'Security Acceptance'!$B:$B,0)),"") -> Pass | K205: =IFERROR(INDEX('Security Acceptance'!$O:$O,MATCH($I205,'Security Acceptance'!$B:$B,0)),"") -> 2026-10-28 | L205: =IFERROR(INDEX('Security Acceptance'!$P:$P,MATCH($I205,'Security Acceptance'!$B:$B,0)),"") -> 0 | M205: =IFERROR(INDEX('Security Acceptance'!$Q:$Q,MATCH($I205,'Security Acceptance'!$B:$B,0)),"") -> P0B-DB-001; package 0d30359ab5cdd4aa3577c33823de1bbc80a3d4f2; spec/meals/Phase 0B Recipe Persistence Design.md section 28; meals-db-final-manifest.json SHA256 4cbbc3eac24c13860d39ee3a0d8c6ae79c638cc5967d5274d1e7ea219091f8da; complete evidence in session b7458d86-6190-4718-8779-7c2b79a30630/files | N205: Covered
A206: SEC-TST-009 | B206: 0 | C206: Security Verification | D206: TEST | E206: Both | F206: Catalog/source verification shall establish no Meals dependency on the abandoned broker architecture. | G206: Security Test | H206: Security Acceptance | I206: SEC-TST-009-T01 | J206: =IFERROR(INDEX('Security Acceptance'!$N:$N,MATCH($I206,'Security Acceptance'!$B:$B,0)),"") -> Pass | K206: =IFERROR(INDEX('Security Acceptance'!$O:$O,MATCH($I206,'Security Acceptance'!$B:$B,0)),"") -> 46323 | L206: =IFERROR(INDEX('Security Acceptance'!$P:$P,MATCH($I206,'Security Acceptance'!$B:$B,0)),"") -> 0 | M206: =IFERROR(INDEX('Security Acceptance'!$Q:$Q,MATCH($I206,'Security Acceptance'!$B:$B,0)),"") -> spec/meals/README.md#phase-0a-technical-evidence; web release validation: spec/meals/README.md#web-release-validation | N206: Covered
A207: SEC-TST-010 | B207: 0 | C207: Security Verification | D207: TEST | E207: Both | F207: Post-release verification shall include a fresh owner application smoke test and review of new Meals-related Supabase Security Advisor findings. | G207: Security Test | H207: Security Acceptance | I207: SEC-TST-010-T01 | J207: =IFERROR(INDEX('Security Acceptance'!$N:$N,MATCH($I207,'Security Acceptance'!$B:$B,0)),"") -> Not Built | K207: =IFERROR(INDEX('Security Acceptance'!$O:$O,MATCH($I207,'Security Acceptance'!$B:$B,0)),"") -> 0 | L207: =IFERROR(INDEX('Security Acceptance'!$P:$P,MATCH($I207,'Security Acceptance'!$B:$B,0)),"") -> 0 | M207: =IFERROR(INDEX('Security Acceptance'!$Q:$Q,MATCH($I207,'Security Acceptance'!$B:$B,0)),"") -> 0 | N207: Covered
A208: IMP-INV-001 | B208: TBD | C208: Recipe Import | D208: INV | E208: Both | F208: The investigation shall determine how recipe webpages can be retrieved safely within the production architecture. | G208: Deferred Investigation | H208: Deferred / Investigation | J208: Deferred | N208: Deferred
A209: IMP-INV-002 | B209: TBD | C209: Recipe Import | D209: INV | E209: Both | F209: The investigation shall determine how recipe title, ingredients/sections, instructions, source, and other supported fields can be detected/extracted. | G209: Deferred Investigation | H209: Deferred / Investigation | J209: Deferred | N209: Deferred
A210: IMP-INV-003 | B210: TBD | C210: Recipe Import | D210: INV | E210: Both | F210: The investigation shall evaluate reliability across representative recipe websites. | G210: Deferred Investigation | H210: Deferred / Investigation | J210: Deferred | N210: Deferred
A211: IMP-INV-004 | B211: TBD | C211: Recipe Import | D211: INV | E211: Both | F211: The investigation shall identify security implications of retrieving arbitrary external URLs. | G211: Deferred Investigation | H211: Deferred / Investigation | J211: Deferred | N211: Deferred
A212: IMP-INV-005 | B212: TBD | C212: Recipe Import | D212: INV | E212: Both | F212: The investigation shall compare implementation/deployment complexity with the value added over manual entry. | G212: Deferred Investigation | H212: Deferred / Investigation | J212: Deferred | N212: Deferred
A213: IMP-FUNC-001 | B213: TBD | C213: Recipe Import | D213: COND | E213: Both | F213: If import is approved, extracted content shall be reviewed before persistence and nothing shall be saved until Save Recipe is explicitly selected. | G213: Deferred Investigation | H213: Deferred / Investigation | J213: Deferred | N213: Deferred
A214: IMP-FUNC-002 | B214: TBD | C214: Recipe Import | D214: COND | E214: Both | F214: If import is approved, partial extraction containing useful data shall be reviewable rather than automatically treated as failure. | G214: Deferred Investigation | H214: Deferred / Investigation | J214: Deferred | N214: Deferred
A215: IMP-FUNC-003 | B215: TBD | C215: Recipe Import | D215: COND | E215: Both | F215: If import is approved, Import Review shall use the same core editor model as manual Add/Edit. | G215: Deferred Investigation | H215: Deferred / Investigation | J215: Deferred | N215: Deferred
A216: IMP-INV-006 | B216: TBD | C216: Recipe Import | D216: INV | E216: Both | F216: Recipe Import technical investigation shall occur after Phase 1 Recipe Core is accepted so it can evaluate extraction against the known-good Recipe Editor/data model. | G216: Deferred Investigation | H216: Deferred / Investigation | J216: Deferred | N216: Deferred
A217: IMP-INV-007 | B217: TBD | C217: Recipe Import | D217: INV | E217: Both | F217: Recipe Import shall not block completion or acceptance of Phase 1 Recipe Core. | G217: Deferred Investigation | H217: Deferred / Investigation | J217: Deferred | N217: Deferred
A218: RL-UI-001 | B218: 1 | C218: Recipe Library | D218: UI | E218: Mobile | F218: The Recipe Library shall be text-oriented and shall not display recipe thumbnails. | G218: Functional Test | H218: Functional Acceptance | I218: RL-UI-001-T01-M | J218: =IFERROR(INDEX('Functional Acceptance'!$L:$L,MATCH($I218,'Functional Acceptance'!$B:$B,0)),"") -> Not Built | K218: =IFERROR(INDEX('Functional Acceptance'!$M:$M,MATCH($I218,'Functional Acceptance'!$B:$B,0)),"") -> 0 | L218: =IFERROR(INDEX('Functional Acceptance'!$N:$N,MATCH($I218,'Functional Acceptance'!$B:$B,0)),"") -> 0 | M218: =IFERROR(INDEX('Functional Acceptance'!$O:$O,MATCH($I218,'Functional Acceptance'!$B:$B,0)),"") -> 0 | N218: Covered
A219: RL-FUNC-009 | B219: 1 | C219: Recipe Library | D219: FUNC | E219: Mobile | F219: Activating the Favorite star shall toggle Favorite state in place without opening Recipe Detail or navigating away from the library. | G219: Functional Test | H219: Functional Acceptance | I219: RL-FUNC-009-T01-M | J219: =IFERROR(INDEX('Functional Acceptance'!$L:$L,MATCH($I219,'Functional Acceptance'!$B:$B,0)),"") -> Not Built | K219: =IFERROR(INDEX('Functional Acceptance'!$M:$M,MATCH($I219,'Functional Acceptance'!$B:$B,0)),"") -> 0 | L219: =IFERROR(INDEX('Functional Acceptance'!$N:$N,MATCH($I219,'Functional Acceptance'!$B:$B,0)),"") -> 0 | M219: =IFERROR(INDEX('Functional Acceptance'!$O:$O,MATCH($I219,'Functional Acceptance'!$B:$B,0)),"") -> 0 | N219: Covered
A220: RD-UI-001 | B220: 1 | C220: Recipe Detail | D220: UI | E220: Mobile | F220: Recipe Detail shall be a single scrolling page and shall not use content tabs. | G220: Functional Test | H220: Functional Acceptance | I220: RD-UI-001-T01-M | J220: =IFERROR(INDEX('Functional Acceptance'!$L:$L,MATCH($I220,'Functional Acceptance'!$B:$B,0)),"") -> Not Built | K220: =IFERROR(INDEX('Functional Acceptance'!$M:$M,MATCH($I220,'Functional Acceptance'!$B:$B,0)),"") -> 0 | L220: =IFERROR(INDEX('Functional Acceptance'!$N:$N,MATCH($I220,'Functional Acceptance'!$B:$B,0)),"") -> 0 | M220: =IFERROR(INDEX('Functional Acceptance'!$O:$O,MATCH($I220,'Functional Acceptance'!$B:$B,0)),"") -> 0 | N220: Covered
A221: RE-FUNC-009 | B221: 1 | C221: Recipe Editor | D221: FUNC | E221: Mobile | F221: The editor shall provide Save and Cancel actions. | G221: Functional Test | H221: Functional Acceptance | I221: RE-FUNC-009-T01-M | J221: =IFERROR(INDEX('Functional Acceptance'!$L:$L,MATCH($I221,'Functional Acceptance'!$B:$B,0)),"") -> Not Built | K221: =IFERROR(INDEX('Functional Acceptance'!$M:$M,MATCH($I221,'Functional Acceptance'!$B:$B,0)),"") -> 0 | L221: =IFERROR(INDEX('Functional Acceptance'!$N:$N,MATCH($I221,'Functional Acceptance'!$B:$B,0)),"") -> 0 | M221: =IFERROR(INDEX('Functional Acceptance'!$O:$O,MATCH($I221,'Functional Acceptance'!$B:$B,0)),"") -> 0 | N221: Covered
A222: RESP-001 | B222: 0 | C222: Responsive | D222: RESP | E222: Mobile | F222: Meals shall use one responsive React implementation for web and Capacitor rather than separate desktop/mobile applications. | G222: Functional Test | H222: Functional Acceptance | I222: RESP-001-T01-M | J222: =IFERROR(INDEX('Functional Acceptance'!$L:$L,MATCH($I222,'Functional Acceptance'!$B:$B,0)),"") -> Pass | K222: =IFERROR(INDEX('Functional Acceptance'!$M:$M,MATCH($I222,'Functional Acceptance'!$B:$B,0)),"") -> 46323 | L222: =IFERROR(INDEX('Functional Acceptance'!$N:$N,MATCH($I222,'Functional Acceptance'!$B:$B,0)),"") -> 0 | M222: =IFERROR(INDEX('Functional Acceptance'!$O:$O,MATCH($I222,'Functional Acceptance'!$B:$B,0)),"") -> spec/meals/README.md#phase-0a-technical-evidence; P0-UAT-001: designated owner reported live Life Manager UAT PASS on 2026-10-28; release 8298e2e0797ddff7d2d53cc058fa41fb407ac0ab; recorded by Copilot from owner report, not automated authenticated verification | N222: Covered
A223: STATE-004 | B223: 1 | C223: Cross-cutting States | D223: STATE | E223: Mobile | F223: True empty states shall be distinguished from zero-match search/filter states and shall expose recovery actions appropriate to the condition. | G223: Functional Test | H223: Functional Acceptance | I223: STATE-004-T01-M | J223: =IFERROR(INDEX('Functional Acceptance'!$L:$L,MATCH($I223,'Functional Acceptance'!$B:$B,0)),"") -> Not Built | K223: =IFERROR(INDEX('Functional Acceptance'!$M:$M,MATCH($I223,'Functional Acceptance'!$B:$B,0)),"") -> 0 | L223: =IFERROR(INDEX('Functional Acceptance'!$N:$N,MATCH($I223,'Functional Acceptance'!$B:$B,0)),"") -> 0 | M223: =IFERROR(INDEX('Functional Acceptance'!$O:$O,MATCH($I223,'Functional Acceptance'!$B:$B,0)),"") -> 0 | N223: Covered
